"global_step","4 agents 4 humans - rollout/ep_len_mean","4 agents 4 humans - rollout/ep_len_mean__MIN","4 agents 4 humans - rollout/ep_len_mean__MAX","4 agents 4 humans - _step","4 agents 4 humans - _step__MIN","4 agents 4 humans - _step__MAX","8 agents - rollout/ep_len_mean","8 agents - rollout/ep_len_mean__MIN","8 agents - rollout/ep_len_mean__MAX","8 agents - _step","8 agents - _step__MIN","8 agents - _step__MAX"
"100","15.5","15.5","15.5","0","0","0","1","1","1","0","0","0"
"200","15.5","15.5","15.5","3","3","3","1","1","1","3","3","3"
"300","58","58","58","15","15","15","100.5","100.5","100.5","15","15","15"
"400","58","58","58","27","27","27","100.5","100.5","100.5","27","27","27"
"500","72.166664","72.166664","72.166664","39","39","39","103.75","103.75","103.75","39","39","39"
"600","72.166664","72.166664","72.166664","51","51","51","103.75","103.75","103.75","51","51","51"
"700","82.75","82.75","82.75","63","63","63","123","123","123","63","63","63"
"800","82.75","82.75","82.75","75","75","75","123","123","123","75","75","75"
"900","95.77778","95.77778","95.77778","87","87","87","135.83333","135.83333","135.83333","87","87","87"
"1000","95.77778","95.77778","95.77778","99","99","99","135.83333","135.83333","135.83333","99","99","99"
"1100","88.666664","88.666664","88.666664","111","111","111","145","145","145","111","111","111"
"1200","88.666664","88.666664","88.666664","123","123","123","145","145","145","123","123","123"
"1300","90.35714","90.35714","90.35714","135","135","135","138.55556","138.55556","138.55556","135","135","135"
"1400","84","84","84","147","147","147","138.55556","138.55556","138.55556","147","147","147"
"1500","84","84","84","159","159","159","131.72728","131.72728","131.72728","159","159","159"
"1600","85.833336","85.833336","85.833336","171","171","171","131.72728","131.72728","131.72728","171","171","171"
"1700","85.833336","85.833336","85.833336","183","183","183","118.78571","118.78571","118.78571","183","183","183"
"1800","91.8421","91.8421","91.8421","195","195","195","115.6","115.6","115.6","195","195","195"
"1900","90.2","90.2","90.2","207","207","207","115.6","115.6","115.6","207","207","207"
"2000","90.2","90.2","90.2","219","219","219","120.875","120.875","120.875","219","219","219"
"2100","95.42857","95.42857","95.42857","231","231","231","120.875","120.875","120.875","231","231","231"
"2200","95.42857","95.42857","95.42857","243","243","243","125.52941","125.52941","125.52941","243","243","243"
"2300","90.88","90.88","90.88","255","255","255","125.52941","125.52941","125.52941","255","255","255"
"2400","90.88","90.88","90.88","267","267","267","129.66667","129.66667","129.66667","267","267","267"
"2500","95.07692","95.07692","95.07692","279","279","279","129.66667","129.66667","129.66667","279","279","279"
"2600","89.35714","89.35714","89.35714","291","291","291","133.36842","133.36842","133.36842","291","291","291"
"2700","89.35714","89.35714","89.35714","303","303","303","133.36842","133.36842","133.36842","303","303","303"
"2800","93.17242","93.17242","93.17242","315","315","315","125.90909","125.90909","125.90909","315","315","315"
"2900","93.17242","93.17242","93.17242","327","327","327","125.90909","125.90909","125.90909","327","327","327"
"3000","89.63636","89.63636","89.63636","339","339","339","129.13043","129.13043","129.13043","339","339","339"
"3100","89.63636","89.63636","89.63636","351","351","351","129.13043","129.13043","129.13043","351","351","351"
"3200","84.13158","84.13158","84.13158","363","363","363","128","128","128","363","363","363"
"3300","80.9","80.9","80.9","375","375","375","128","128","128","375","375","375"
"3400","80.9","80.9","80.9","387","387","387","130.76923","130.76923","130.76923","387","387","387"
"3500","81.833336","81.833336","81.833336","399","399","399","127.25926","127.25926","127.25926","399","399","399"
"3600","81.833336","81.833336","81.833336","411","411","411","127.25926","127.25926","127.25926","411","411","411"
"3700","82.681816","82.681816","82.681816","423","423","423","129.85715","129.85715","129.85715","423","423","423"
"3800","82.681816","82.681816","82.681816","435","435","435","129.85715","129.85715","129.85715","435","435","435"
"3900","84.26087","84.26087","84.26087","447","447","447","132.27586","132.27586","132.27586","447","447","447"
"4000","83.489365","83.489365","83.489365","459","459","459","132.27586","132.27586","132.27586","459","459","459"
"4100","83.489365","83.489365","83.489365","471","471","471","134.53334","134.53334","134.53334","471","471","471"
"4200","82.54","82.54","82.54","483","483","483","134.53334","134.53334","134.53334","483","483","483"
"4300","82.54","82.54","82.54","495","495","495","133.96875","133.96875","133.96875","495","495","495"
"4400","84.84314","84.84314","84.84314","507","507","507","133.96875","133.96875","133.96875","507","507","507"
"4500","84.84314","84.84314","84.84314","519","519","519","135.9697","135.9697","135.9697","519","519","519"
"4600","84.37037","84.37037","84.37037","531","531","531","132.76471","132.76471","132.76471","531","531","531"
"4700","84.37037","84.37037","84.37037","543","543","543","132.76471","132.76471","132.76471","543","543","543"
"4800","86.472725","86.472725","86.472725","555","555","555","134.68571","134.68571","134.68571","555","555","555"
"4900","86.472725","86.472725","86.472725","567","567","567","134.68571","134.68571","134.68571","567","567","567"
"5000","88.5","88.5","88.5","579","579","579","136.5","136.5","136.5","579","579","579"
"5100","87.22414","87.22414","87.22414","591","591","591","136.5","136.5","136.5","591","591","591"
"5200","85.3","85.3","85.3","603","603","603","132.20512","132.20512","132.20512","603","603","603"
"5300","85.3","85.3","85.3","615","615","615","132.20512","132.20512","132.20512","615","615","615"
"5400","85.80645","85.80645","85.80645","627","627","627","131.39024","131.39024","131.39024","627","627","627"
"5500","85.80645","85.80645","85.80645","639","639","639","131.39024","131.39024","131.39024","639","639","639"
"5600","85.4","85.4","85.4","651","651","651","133.0238","133.0238","133.0238","651","651","651"
"5700","85.4","85.4","85.4","663","663","663","133.0238","133.0238","133.0238","663","663","663"
"5800","85","85","85","675","675","675","131.54546","131.54546","131.54546","675","675","675"
"5900","84.53623","84.53623","84.53623","687","687","687","122.270836","122.270836","122.270836","687","687","687"
"6000","84.53623","84.53623","84.53623","699","699","699","122.270836","122.270836","122.270836","699","699","699"
"6100","86.185715","86.185715","86.185715","711","711","711","121.4","121.4","121.4","711","711","711"
"6200","86.185715","86.185715","86.185715","723","723","723","121.4","121.4","121.4","723","723","723"
"6300","87.788734","87.788734","87.788734","735","735","735","122.94118","122.94118","122.94118","735","735","735"
"6400","87.788734","87.788734","87.788734","747","747","747","122.94118","122.94118","122.94118","747","747","747"
"6500","86.95946","86.95946","86.95946","759","759","759","124.42308","124.42308","124.42308","759","759","759"
"6600","86.95946","86.95946","86.95946","771","771","771","124.42308","124.42308","124.42308","771","771","771"
"6700","88.46667","88.46667","88.46667","783","783","783","125.84906","125.84906","125.84906","783","783","783"
"6800","88.46667","88.46667","88.46667","795","795","795","125.84906","125.84906","125.84906","795","795","795"
"6900","89.38961","89.38961","89.38961","807","807","807","125.23637","125.23637","125.23637","807","807","807"
"7000","88.82051","88.82051","88.82051","819","819","819","125.23637","125.23637","125.23637","819","819","819"
"7100","88.82051","88.82051","88.82051","831","831","831","126.57143","126.57143","126.57143","831","831","831"
"7200","89.6625","89.6625","89.6625","843","843","843","124.034485","124.034485","124.034485","843","843","843"
"7300","89.6625","89.6625","89.6625","855","855","855","124.034485","124.034485","124.034485","855","855","855"
"7400","91.02469","91.02469","91.02469","867","867","867","125.32204","125.32204","125.32204","867","867","867"
"7500","91.02469","91.02469","91.02469","879","879","879","123.86667","123.86667","123.86667","879","879","879"
"7600","92.35366","92.35366","92.35366","891","891","891","123.86667","123.86667","123.86667","891","891","891"
"7700","92.35366","92.35366","92.35366","903","903","903","125.11475","125.11475","125.11475","903","903","903"
"7800","93.650604","93.650604","93.650604","915","915","915","125.11475","125.11475","125.11475","915","915","915"
"7900","91.81177","91.81177","91.81177","927","927","927","126.32258","126.32258","126.32258","927","927","927"
"8000","91.81177","91.81177","91.81177","939","939","939","126.32258","126.32258","126.32258","939","939","939"
"8100","93.06977","93.06977","93.06977","951","951","951","127.492065","127.492065","127.492065","951","951","951"
"8200","93.06977","93.06977","93.06977","963","963","963","127.492065","127.492065","127.492065","963","963","963"
"8300","93.78409","93.78409","93.78409","975","975","975","123.16418","123.16418","123.16418","975","975","975"
"8400","93.78409","93.78409","93.78409","987","987","987","123.16418","123.16418","123.16418","987","987","987"
"8500","93.933334","93.933334","93.933334","999","999","999","124.29412","124.29412","124.29412","999","999","999"
"8600","93.933334","93.933334","93.933334","1011","1011","1011","124.29412","124.29412","124.29412","1011","1011","1011"
"8700","95.0989","95.0989","95.0989","1023","1023","1023","122.478874","122.478874","122.478874","1023","1023","1023"
"8800","94.053764","94.053764","94.053764","1035","1035","1035","122.478874","122.478874","122.478874","1035","1035","1035"
"8900","94.053764","94.053764","94.053764","1047","1047","1047","123.55556","123.55556","123.55556","1047","1047","1047"
"9000","94.189476","94.189476","94.189476","1059","1059","1059","123.55556","123.55556","123.55556","1059","1059","1059"
"9100","94.189476","94.189476","94.189476","1071","1071","1071","124.60274","124.60274","124.60274","1071","1071","1071"
"9200","94.77319","94.77319","94.77319","1083","1083","1083","121.746666","121.746666","121.746666","1083","1083","1083"
"9300","94.77319","94.77319","94.77319","1095","1095","1095","121.746666","121.746666","121.746666","1095","1095","1095"
"9400","93.7","93.7","93.7","1107","1107","1107","120.051285","120.051285","120.051285","1107","1107","1107"
"9500","93.95","93.95","93.95","1119","1119","1119","120.051285","120.051285","120.051285","1119","1119","1119"
"9600","93.95","93.95","93.95","1131","1131","1131","121.06329","121.06329","121.06329","1131","1131","1131"
"9700","93.95","93.95","93.95","1143","1143","1143","121.06329","121.06329","121.06329","1143","1143","1143"
"9800","93.95","93.95","93.95","1155","1155","1155","120.641975","120.641975","120.641975","1155","1155","1155"
"9900","93.97","93.97","93.97","1167","1167","1167","119.68293","119.68293","119.68293","1167","1167","1167"
"10000","93.97","93.97","93.97","1179","1179","1179","119.68293","119.68293","119.68293","1179","1179","1179"
"10100","94.47","94.47","94.47","1191","1191","1191","118.18823","118.18823","118.18823","1191","1191","1191"
"10200","94.47","94.47","94.47","1203","1203","1203","118.18823","118.18823","118.18823","1203","1203","1203"
"10300","92.27","92.27","92.27","1215","1215","1215","119.139534","119.139534","119.139534","1215","1215","1215"
"10400","92.27","92.27","92.27","1227","1227","1227","119.139534","119.139534","119.139534","1227","1227","1227"
"10500","94.26","94.26","94.26","1239","1239","1239","120.06896","120.06896","120.06896","1239","1239","1239"
"10600","94.26","94.26","94.26","1251","1251","1251","120.06896","120.06896","120.06896","1251","1251","1251"
"10700","94.26","94.26","94.26","1263","1263","1263","120.97727","120.97727","120.97727","1263","1263","1263"
"10800","94.26","94.26","94.26","1275","1275","1275","120.97727","120.97727","120.97727","1275","1275","1275"
"10900","96.25","96.25","96.25","1287","1287","1287","121.865166","121.865166","121.865166","1287","1287","1287"
"11000","96.25","96.25","96.25","1299","1299","1299","121.865166","121.865166","121.865166","1299","1299","1299"
"11100","97.75","97.75","97.75","1311","1311","1311","122.73333","122.73333","122.73333","1311","1311","1311"
"11200","97.74","97.74","97.74","1323","1323","1323","122.73333","122.73333","122.73333","1323","1323","1323"
"11300","97.74","97.74","97.74","1335","1335","1335","123.58242","123.58242","123.58242","1335","1335","1335"
"11400","97.74","97.74","97.74","1347","1347","1347","123.58242","123.58242","123.58242","1347","1347","1347"
"11500","97.74","97.74","97.74","1359","1359","1359","123.08602","123.08602","123.08602","1359","1359","1359"
"11600","97.74","97.74","97.74","1371","1371","1371","123.08602","123.08602","123.08602","1371","1371","1371"
"11700","97.74","97.74","97.74","1383","1383","1383","123.90426","123.90426","123.90426","1383","1383","1383"
"11800","99.15","99.15","99.15","1395","1395","1395","123.90426","123.90426","123.90426","1395","1395","1395"
"11900","99.15","99.15","99.15","1407","1407","1407","124.70526","124.70526","124.70526","1407","1407","1407"
"12000","97.19","97.19","97.19","1419","1419","1419","124.70526","124.70526","124.70526","1419","1419","1419"
"12100","97.19","97.19","97.19","1431","1431","1431","125.489586","125.489586","125.489586","1431","1431","1431"
"12200","99.18","99.18","99.18","1443","1443","1443","125.489586","125.489586","125.489586","1443","1443","1443"
"12300","99.18","99.18","99.18","1455","1455","1455","124.97959","124.97959","124.97959","1455","1455","1455"
"12400","100.54","100.54","100.54","1467","1467","1467","124.97959","124.97959","124.97959","1467","1467","1467"
"12500","100.54","100.54","100.54","1479","1479","1479","124.97","124.97","124.97","1479","1479","1479"
"12600","100.54","100.54","100.54","1491","1491","1491","124.97","124.97","124.97","1491","1491","1491"
"12700","100.54","100.54","100.54","1503","1503","1503","126.96","126.96","126.96","1503","1503","1503"
"12800","102.25","102.25","102.25","1515","1515","1515","126.96","126.96","126.96","1515","1515","1515"
"12900","102.25","102.25","102.25","1527","1527","1527","126.96","126.96","126.96","1527","1527","1527"
"13000","104.24","104.24","104.24","1539","1539","1539","123.75","123.75","123.75","1539","1539","1539"
"13100","104.24","104.24","104.24","1551","1551","1551","123.75","123.75","123.75","1551","1551","1551"
"13200","102.71","102.71","102.71","1563","1563","1563","123.75","123.75","123.75","1563","1563","1563"
"13300","102.71","102.71","102.71","1575","1575","1575","123.75","123.75","123.75","1575","1575","1575"
"13400","104.23","104.23","104.23","1587","1587","1587","121.76","121.76","121.76","1587","1587","1587"
"13500","104.23","104.23","104.23","1599","1599","1599","121.76","121.76","121.76","1599","1599","1599"
"13600","104.23","104.23","104.23","1611","1611","1611","123.44","123.44","123.44","1611","1611","1611"
"13700","104.23","104.23","104.23","1623","1623","1623","123.44","123.44","123.44","1623","1623","1623"
"13800","106.16","106.16","106.16","1635","1635","1635","123.49","123.49","123.49","1635","1635","1635"
"13900","106.57","106.57","106.57","1647","1647","1647","123.49","123.49","123.49","1647","1647","1647"
"14000","106.57","106.57","106.57","1659","1659","1659","123.5","123.5","123.5","1659","1659","1659"
"14100","108.27","108.27","108.27","1671","1671","1671","122.97","122.97","122.97","1671","1671","1671"
"14200","108.27","108.27","108.27","1683","1683","1683","122.97","122.97","122.97","1683","1683","1683"
"14300","109.9","109.9","109.9","1695","1695","1695","122.97","122.97","122.97","1695","1695","1695"
"14400","109.9","109.9","109.9","1707","1707","1707","122.97","122.97","122.97","1707","1707","1707"
"14500","111.88","111.88","111.88","1719","1719","1719","117.49","117.49","117.49","1719","1719","1719"
"14600","111.88","111.88","111.88","1731","1731","1731","117.79","117.79","117.79","1731","1731","1731"
"14700","111.92","111.92","111.92","1743","1743","1743","117.79","117.79","117.79","1743","1743","1743"
"14800","111.92","111.92","111.92","1755","1755","1755","117.47","117.47","117.47","1755","1755","1755"
"14900","109.94","109.94","109.94","1767","1767","1767","117.47","117.47","117.47","1767","1767","1767"
"15000","109.94","109.94","109.94","1779","1779","1779","117.3","117.3","117.3","1779","1779","1779"
"15100","111.56","111.56","111.56","1791","1791","1791","117.3","117.3","117.3","1791","1791","1791"
"15200","111.56","111.56","111.56","1803","1803","1803","117.3","117.3","117.3","1803","1803","1803"
"15300","111.44","111.44","111.44","1815","1815","1815","117.3","117.3","117.3","1815","1815","1815"
"15400","111.44","111.44","111.44","1827","1827","1827","118.94","118.94","118.94","1827","1827","1827"
"15500","111.44","111.44","111.44","1839","1839","1839","118.94","118.94","118.94","1839","1839","1839"
"15600","110.01","110.01","110.01","1851","1851","1851","116.95","116.95","116.95","1851","1851","1851"
"15700","110.01","110.01","110.01","1863","1863","1863","116.95","116.95","116.95","1863","1863","1863"
"15800","106.48","106.48","106.48","1875","1875","1875","116.95","116.95","116.95","1875","1875","1875"
"15900","106.48","106.48","106.48","1887","1887","1887","116.95","116.95","116.95","1887","1887","1887"
"16000","108.47","108.47","108.47","1899","1899","1899","114.83","114.83","114.83","1899","1899","1899"
"16100","108.47","108.47","108.47","1911","1911","1911","114.83","114.83","114.83","1911","1911","1911"
"16200","108.47","108.47","108.47","1923","1923","1923","116.56","116.56","116.56","1923","1923","1923"
"16300","108.47","108.47","108.47","1935","1935","1935","113.2","113.2","113.2","1935","1935","1935"
"16400","108.47","108.47","108.47","1947","1947","1947","113.2","113.2","113.2","1947","1947","1947"
"16500","108.47","108.47","108.47","1959","1959","1959","113.21","113.21","113.21","1959","1959","1959"
"16600","110.18","110.18","110.18","1971","1971","1971","113.21","113.21","113.21","1971","1971","1971"
"16700","110.18","110.18","110.18","1983","1983","1983","115.1","115.1","115.1","1983","1983","1983"
"16800","110.23","110.23","110.23","1995","1995","1995","113.77","113.77","113.77","1995","1995","1995"
"16900","110.58","110.58","110.58","2007","2007","2007","113.77","113.77","113.77","2007","2007","2007"
"17000","110.58","110.58","110.58","2019","2019","2019","113.77","113.77","113.77","2019","2019","2019"
"17100","110.58","110.58","110.58","2031","2031","2031","113.77","113.77","113.77","2031","2031","2031"
"17200","109.15","109.15","109.15","2043","2043","2043","113.77","113.77","113.77","2043","2043","2043"
"17300","108.06","108.06","108.06","2055","2055","2055","113.8","113.8","113.8","2055","2055","2055"
"17400","108.06","108.06","108.06","2067","2067","2067","113.8","113.8","113.8","2067","2067","2067"
"17500","108.06","108.06","108.06","2079","2079","2079","115.45","115.45","115.45","2079","2079","2079"
"17600","108.06","108.06","108.06","2091","2091","2091","115.45","115.45","115.45","2091","2091","2091"
"17700","108.06","108.06","108.06","2103","2103","2103","117.41","117.41","117.41","2103","2103","2103"
"17800","108.06","108.06","108.06","2115","2115","2115","117.41","117.41","117.41","2115","2115","2115"
"17900","109.14","109.14","109.14","2127","2127","2127","114.05","114.05","114.05","2127","2127","2127"
"18000","109.14","109.14","109.14","2139","2139","2139","112.36","112.36","112.36","2139","2139","2139"
"18100","109.14","109.14","109.14","2151","2151","2151","112.36","112.36","112.36","2151","2151","2151"
"18200","109.14","109.14","109.14","2163","2163","2163","112.36","112.36","112.36","2163","2163","2163"
"18300","110.69","110.69","110.69","2175","2175","2175","112.36","112.36","112.36","2175","2175","2175"
"18400","110.69","110.69","110.69","2187","2187","2187","114.18","114.18","114.18","2187","2187","2187"
"18500","110.69","110.69","110.69","2199","2199","2199","114.18","114.18","114.18","2199","2199","2199"
"18600","110.69","110.69","110.69","2211","2211","2211","111.86","111.86","111.86","2211","2211","2211"
"18700","110.69","110.69","110.69","2223","2223","2223","111.86","111.86","111.86","2223","2223","2223"
"18800","110.69","110.69","110.69","2235","2235","2235","113.48","113.48","113.48","2235","2235","2235"
"18900","110.92","110.92","110.92","2247","2247","2247","106.46","106.46","106.46","2247","2247","2247"
"19000","110.92","110.92","110.92","2259","2259","2259","106.46","106.46","106.46","2259","2259","2259"
"19100","112.91","112.91","112.91","2271","2271","2271","108.45","108.45","108.45","2271","2271","2271"
"19200","112.91","112.91","112.91","2283","2283","2283","108.45","108.45","108.45","2283","2283","2283"
"19300","112.91","112.91","112.91","2295","2295","2295","110.27","110.27","110.27","2295","2295","2295"
"19400","112.91","112.91","112.91","2307","2307","2307","110.27","110.27","110.27","2307","2307","2307"
"19500","112.91","112.91","112.91","2319","2319","2319","110.27","110.27","110.27","2319","2319","2319"
"19600","112.91","112.91","112.91","2331","2331","2331","110.27","110.27","110.27","2331","2331","2331"
"19700","112.45","112.45","112.45","2343","2343","2343","110.27","110.27","110.27","2343","2343","2343"
"19800","112.45","112.45","112.45","2355","2355","2355","110.27","110.27","110.27","2355","2355","2355"
"19900","112.45","112.45","112.45","2367","2367","2367","111.84","111.84","111.84","2367","2367","2367"
"20000","112.24","112.24","112.24","2379","2379","2379","111.84","111.84","111.84","2379","2379","2379"
"20100","112.24","112.24","112.24","2391","2391","2391","111.9","111.9","111.9","2391","2391","2391"
"20200","110.3","110.3","110.3","2403","2403","2403","109.98","109.98","109.98","2403","2403","2403"
"20300","108.16","108.16","108.16","2415","2415","2415","109.98","109.98","109.98","2415","2415","2415"
"20400","108.16","108.16","108.16","2427","2427","2427","111.88","111.88","111.88","2427","2427","2427"
"20500","110.39","110.39","110.39","2439","2439","2439","111.88","111.88","111.88","2439","2439","2439"
"20600","110.39","110.39","110.39","2451","2451","2451","111.6","111.6","111.6","2451","2451","2451"
"20700","112.11","112.11","112.11","2463","2463","2463","111.6","111.6","111.6","2463","2463","2463"
"20800","112.11","112.11","112.11","2475","2475","2475","111.91","111.91","111.91","2475","2475","2475"
"20900","110.12","110.12","110.12","2487","2487","2487","110.44","110.44","110.44","2487","2487","2487"
"21000","110.12","110.12","110.12","2499","2499","2499","110.44","110.44","110.44","2499","2499","2499"
"21100","109.62","109.62","109.62","2511","2511","2511","112.36","112.36","112.36","2511","2511","2511"
"21200","109.62","109.62","109.62","2523","2523","2523","112.36","112.36","112.36","2523","2523","2523"
"21300","109.62","109.62","109.62","2535","2535","2535","113.94","113.94","113.94","2535","2535","2535"
"21400","109.62","109.62","109.62","2547","2547","2547","113.94","113.94","113.94","2547","2547","2547"
"21500","112.02","112.02","112.02","2559","2559","2559","114.28","114.28","114.28","2559","2559","2559"
"21600","112.02","112.02","112.02","2571","2571","2571","114.28","114.28","114.28","2571","2571","2571"
"21700","110.03","110.03","110.03","2583","2583","2583","115.97","115.97","115.97","2583","2583","2583"
"21800","106.84","106.84","106.84","2595","2595","2595","115.97","115.97","115.97","2595","2595","2595"
"21900","107.03","107.03","107.03","2607","2607","2607","115.97","115.97","115.97","2607","2607","2607"
"22000","107.03","107.03","107.03","2619","2619","2619","115.97","115.97","115.97","2619","2619","2619"
"22100","105.43","105.43","105.43","2631","2631","2631","114.26","114.26","114.26","2631","2631","2631"
"22200","105.43","105.43","105.43","2643","2643","2643","114.26","114.26","114.26","2643","2643","2643"
"22300","107.42","107.42","107.42","2655","2655","2655","112.27","112.27","112.27","2655","2655","2655"
"22400","107.42","107.42","107.42","2667","2667","2667","112.27","112.27","112.27","2667","2667","2667"
"22500","105.71","105.71","105.71","2679","2679","2679","110.28","110.28","110.28","2679","2679","2679"
"22600","104.45","104.45","104.45","2691","2691","2691","110.6","110.6","110.6","2691","2691","2691"
"22700","96.95","96.95","96.95","2703","2703","2703","110.6","110.6","110.6","2703","2703","2703"
"22800","96.95","96.95","96.95","2715","2715","2715","103.34","103.34","103.34","2715","2715","2715"
"22900","96.95","96.95","96.95","2727","2727","2727","103.34","103.34","103.34","2727","2727","2727"
"23000","96.95","96.95","96.95","2739","2739","2739","104.85","104.85","104.85","2739","2739","2739"
"23100","98.44","98.44","98.44","2751","2751","2751","104.85","104.85","104.85","2751","2751","2751"
"23200","98.44","98.44","98.44","2763","2763","2763","104.85","104.85","104.85","2763","2763","2763"
"23300","96.96","96.96","96.96","2775","2775","2775","104.85","104.85","104.85","2775","2775","2775"
"23400","96.96","96.96","96.96","2787","2787","2787","104.85","104.85","104.85","2787","2787","2787"
"23500","96.98","96.98","96.98","2799","2799","2799","104.85","104.85","104.85","2799","2799","2799"
"23600","96.98","96.98","96.98","2811","2811","2811","106.57","106.57","106.57","2811","2811","2811"
"23700","98.56","98.56","98.56","2823","2823","2823","106.57","106.57","106.57","2823","2823","2823"
"23800","91.34","91.34","91.34","2835","2835","2835","108.26","108.26","108.26","2835","2835","2835"
"23900","91.34","91.34","91.34","2847","2847","2847","108.26","108.26","108.26","2847","2847","2847"
"24000","91.3","91.3","91.3","2859","2859","2859","109.92","109.92","109.92","2859","2859","2859"
"24100","91.3","91.3","91.3","2871","2871","2871","108.21","108.21","108.21","2871","2871","2871"
"24200","93.56","93.56","93.56","2883","2883","2883","108.21","108.21","108.21","2883","2883","2883"
"24300","93.56","93.56","93.56","2895","2895","2895","108.21","108.21","108.21","2895","2895","2895"
"24400","93.56","93.56","93.56","2907","2907","2907","108.21","108.21","108.21","2907","2907","2907"
"24500","92.31","92.31","92.31","2919","2919","2919","110.2","110.2","110.2","2919","2919","2919"
"24600","92.46","92.46","92.46","2931","2931","2931","110.2","110.2","110.2","2931","2931","2931"
"24700","92.46","92.46","92.46","2943","2943","2943","110.2","110.2","110.2","2943","2943","2943"
"24800","92.46","92.46","92.46","2955","2955","2955","110.2","110.2","110.2","2955","2955","2955"
"24900","92.46","92.46","92.46","2967","2967","2967","110.2","110.2","110.2","2967","2967","2967"
"25000","94.44","94.44","94.44","2979","2979","2979","110.2","110.2","110.2","2979","2979","2979"
"25100","94.44","94.44","94.44","2991","2991","2991","110.76","110.76","110.76","2991","2991","2991"
"25200","96.14","96.14","96.14","3003","3003","3003","110.76","110.76","110.76","3003","3003","3003"
"25300","96.14","96.14","96.14","3015","3015","3015","112.74","112.74","112.74","3015","3015","3015"
"25400","96.14","96.14","96.14","3027","3027","3027","112.74","112.74","112.74","3027","3027","3027"
"25500","96.14","96.14","96.14","3039","3039","3039","112.64","112.64","112.64","3039","3039","3039"
"25600","98.13","98.13","98.13","3051","3051","3051","112.64","112.64","112.64","3051","3051","3051"
"25700","98.13","98.13","98.13","3063","3063","3063","112.64","112.64","112.64","3063","3063","3063"
"25800","100.11","100.11","100.11","3075","3075","3075","113","113","113","3075","3075","3075"
"25900","100.11","100.11","100.11","3087","3087","3087","113","113","113","3087","3087","3087"
"26000","102.11","102.11","102.11","3099","3099","3099","114.96","114.96","114.96","3099","3099","3099"
"26100","102.11","102.11","102.11","3111","3111","3111","113.05","113.05","113.05","3111","3111","3111"
"26200","102.11","102.11","102.11","3123","3123","3123","113.05","113.05","113.05","3123","3123","3123"
"26300","102.11","102.11","102.11","3135","3135","3135","115.04","115.04","115.04","3135","3135","3135"
"26400","100.14","100.14","100.14","3147","3147","3147","115.04","115.04","115.04","3147","3147","3147"
"26500","98.57","98.57","98.57","3159","3159","3159","115.04","115.04","115.04","3159","3159","3159"
"26600","98.57","98.57","98.57","3171","3171","3171","115.04","115.04","115.04","3171","3171","3171"
"26700","98.53","98.53","98.53","3183","3183","3183","116.91","116.91","116.91","3183","3183","3183"
"26800","98.53","98.53","98.53","3195","3195","3195","116.91","116.91","116.91","3195","3195","3195"
"26900","100.27","100.27","100.27","3207","3207","3207","116.91","116.91","116.91","3207","3207","3207"
"27000","100.27","100.27","100.27","3219","3219","3219","116.91","116.91","116.91","3219","3219","3219"
"27100","101.65","101.65","101.65","3231","3231","3231","116.91","116.91","116.91","3231","3231","3231"
"27200","101.65","101.65","101.65","3243","3243","3243","116.91","116.91","116.91","3243","3243","3243"
"27300","100.51","100.51","100.51","3255","3255","3255","116.91","116.91","116.91","3255","3255","3255"
"27400","100.51","100.51","100.51","3267","3267","3267","116.91","116.91","116.91","3267","3267","3267"
"27500","100.2","100.2","100.2","3279","3279","3279","118.9","118.9","118.9","3279","3279","3279"
"27600","100.2","100.2","100.2","3291","3291","3291","118.9","118.9","118.9","3291","3291","3291"
"27700","100.2","100.2","100.2","3303","3303","3303","116.97","116.97","116.97","3303","3303","3303"
"27800","98.7","98.7","98.7","3315","3315","3315","116.97","116.97","116.97","3315","3315","3315"
"27900","98.7","98.7","98.7","3327","3327","3327","118.59","118.59","118.59","3327","3327","3327"
"28000","95.45","95.45","95.45","3339","3339","3339","118.59","118.59","118.59","3339","3339","3339"
"28100","95.45","95.45","95.45","3351","3351","3351","120.58","120.58","120.58","3351","3351","3351"
"28200","95.45","95.45","95.45","3363","3363","3363","120.58","120.58","120.58","3363","3363","3363"
"28300","95.45","95.45","95.45","3375","3375","3375","120.58","120.58","120.58","3375","3375","3375"
"28400","95.45","95.45","95.45","3387","3387","3387","120.58","120.58","120.58","3387","3387","3387"
"28500","95.45","95.45","95.45","3399","3399","3399","122.13","122.13","122.13","3399","3399","3399"
"28600","92.97","92.97","92.97","3411","3411","3411","122.13","122.13","122.13","3411","3411","3411"
"28700","89.73","89.73","89.73","3423","3423","3423","122.1","122.1","122.1","3423","3423","3423"
"28800","89.73","89.73","89.73","3435","3435","3435","122.1","122.1","122.1","3435","3435","3435"
"28900","91.75","91.75","91.75","3447","3447","3447","121.55","121.55","121.55","3447","3447","3447"
"29000","88.02","88.02","88.02","3459","3459","3459","121.54","121.54","121.54","3459","3459","3459"
"29100","88.02","88.02","88.02","3471","3471","3471","121.54","121.54","121.54","3471","3471","3471"
"29200","90.01","90.01","90.01","3483","3483","3483","119.87","119.87","119.87","3483","3483","3483"
"29300","90.25","90.25","90.25","3495","3495","3495","119.87","119.87","119.87","3495","3495","3495"
"29400","90.25","90.25","90.25","3507","3507","3507","121.61","121.61","121.61","3507","3507","3507"
"29500","92","92","92","3519","3519","3519","121.61","121.61","121.61","3519","3519","3519"
"29600","92","92","92","3531","3531","3531","121.61","121.61","121.61","3531","3531","3531"
"29700","93.99","93.99","93.99","3543","3543","3543","120.14","120.14","120.14","3543","3543","3543"
"29800","93.99","93.99","93.99","3555","3555","3555","120.14","120.14","120.14","3555","3555","3555"
"29900","93.73","93.73","93.73","3567","3567","3567","119.81","119.81","119.81","3567","3567","3567"
"30000","93.73","93.73","93.73","3579","3579","3579","119.81","119.81","119.81","3579","3579","3579"
"30100","91.74","91.74","91.74","3591","3591","3591","117.94","117.94","117.94","3591","3591","3591"
"30200","91.74","91.74","91.74","3603","3603","3603","116.27","116.27","116.27","3603","3603","3603"
"30300","93.73","93.73","93.73","3615","3615","3615","116.27","116.27","116.27","3615","3615","3615"
"30400","93.73","93.73","93.73","3627","3627","3627","118.14","118.14","118.14","3627","3627","3627"
"30500","93.73","93.73","93.73","3639","3639","3639","116.19","116.19","116.19","3639","3639","3639"
"30600","93.73","93.73","93.73","3651","3651","3651","116.19","116.19","116.19","3651","3651","3651"
"30700","95.98","95.98","95.98","3663","3663","3663","118.12","118.12","118.12","3663","3663","3663"
"30800","95.98","95.98","95.98","3675","3675","3675","114.54","114.54","114.54","3675","3675","3675"
"30900","95.98","95.98","95.98","3687","3687","3687","114.54","114.54","114.54","3687","3687","3687"
"31000","95.98","95.98","95.98","3699","3699","3699","110.85","110.85","110.85","3699","3699","3699"
"31100","94.03","94.03","94.03","3711","3711","3711","110.85","110.85","110.85","3711","3711","3711"
"31200","94.03","94.03","94.03","3723","3723","3723","110.85","110.85","110.85","3723","3723","3723"
"31300","95.75","95.75","95.75","3735","3735","3735","110.85","110.85","110.85","3735","3735","3735"
"31400","95.3","95.3","95.3","3747","3747","3747","112.82","112.82","112.82","3747","3747","3747"
"31500","95.3","95.3","95.3","3759","3759","3759","112.82","112.82","112.82","3759","3759","3759"
"31600","92.94","92.94","92.94","3771","3771","3771","114.81","114.81","114.81","3771","3771","3771"
"31700","91.41","91.41","91.41","3783","3783","3783","114.81","114.81","114.81","3783","3783","3783"
"31800","91.41","91.41","91.41","3795","3795","3795","114.81","114.81","114.81","3795","3795","3795"
"31900","93.12","93.12","93.12","3807","3807","3807","111.2","111.2","111.2","3807","3807","3807"
"32000","93.12","93.12","93.12","3819","3819","3819","111.2","111.2","111.2","3819","3819","3819"
"32100","94.34","94.34","94.34","3831","3831","3831","112.88","112.88","112.88","3831","3831","3831"
"32200","94.34","94.34","94.34","3843","3843","3843","112.88","112.88","112.88","3843","3843","3843"
"32300","96.33","96.33","96.33","3855","3855","3855","114.35","114.35","114.35","3855","3855","3855"
"32400","96.33","96.33","96.33","3867","3867","3867","114.35","114.35","114.35","3867","3867","3867"
"32500","97.88","97.88","97.88","3879","3879","3879","114.35","114.35","114.35","3879","3879","3879"
"32600","97.88","97.88","97.88","3891","3891","3891","114.35","114.35","114.35","3891","3891","3891"
"32700","99.86","99.86","99.86","3903","3903","3903","112.36","112.36","112.36","3903","3903","3903"
"32800","99.86","99.86","99.86","3915","3915","3915","112.36","112.36","112.36","3915","3915","3915"
"32900","97.86","97.86","97.86","3927","3927","3927","112.02","112.02","112.02","3927","3927","3927"
"33000","97.86","97.86","97.86","3939","3939","3939","112.02","112.02","112.02","3939","3939","3939"
"33100","99.83","99.83","99.83","3951","3951","3951","110.41","110.41","110.41","3951","3951","3951"
"33200","99.83","99.83","99.83","3963","3963","3963","109.04","109.04","109.04","3963","3963","3963"
"33300","100.39","100.39","100.39","3975","3975","3975","109.04","109.04","109.04","3975","3975","3975"
"33400","100.39","100.39","100.39","3987","3987","3987","111.03","111.03","111.03","3987","3987","3987"
"33500","101.87","101.87","101.87","3999","3999","3999","111.03","111.03","111.03","3999","3999","3999"
"33600","101.87","101.87","101.87","4011","4011","4011","111.03","111.03","111.03","4011","4011","4011"
"33700","101.87","101.87","101.87","4023","4023","4023","111.03","111.03","111.03","4023","4023","4023"
"33800","101.87","101.87","101.87","4035","4035","4035","112.7","112.7","112.7","4035","4035","4035"
"33900","101.85","101.85","101.85","4047","4047","4047","112.7","112.7","112.7","4047","4047","4047"
"34000","101.85","101.85","101.85","4059","4059","4059","112.7","112.7","112.7","4059","4059","4059"
"34100","103.11","103.11","103.11","4071","4071","4071","112.7","112.7","112.7","4071","4071","4071"
"34200","103.11","103.11","103.11","4083","4083","4083","114.36","114.36","114.36","4083","4083","4083"
"34300","103.11","103.11","103.11","4095","4095","4095","114.36","114.36","114.36","4095","4095","4095"
"34400","103.11","103.11","103.11","4107","4107","4107","116.34","116.34","116.34","4107","4107","4107"
"34500","103.11","103.11","103.11","4119","4119","4119","116.66","116.66","116.66","4119","4119","4119"
"34600","101.83","101.83","101.83","4131","4131","4131","116.66","116.66","116.66","4131","4131","4131"
"34700","101.38","101.38","101.38","4143","4143","4143","118.29","118.29","118.29","4143","4143","4143"
"34800","101.38","101.38","101.38","4155","4155","4155","118.29","118.29","118.29","4155","4155","4155"
"34900","102.87","102.87","102.87","4167","4167","4167","118.29","118.29","118.29","4167","4167","4167"
"35000","102.87","102.87","102.87","4179","4179","4179","118.29","118.29","118.29","4179","4179","4179"
"35100","102.87","102.87","102.87","4191","4191","4191","118.29","118.29","118.29","4191","4191","4191"
"35200","102.87","102.87","102.87","4203","4203","4203","118.29","118.29","118.29","4203","4203","4203"
"35300","102.87","102.87","102.87","4215","4215","4215","118.29","118.29","118.29","4215","4215","4215"
"35400","102.87","102.87","102.87","4227","4227","4227","118.29","118.29","118.29","4227","4227","4227"
"35500","102.36","102.36","102.36","4239","4239","4239","116.31","116.31","116.31","4239","4239","4239"
"35600","102.36","102.36","102.36","4251","4251","4251","116.31","116.31","116.31","4251","4251","4251"
"35700","102.82","102.82","102.82","4263","4263","4263","116.31","116.31","116.31","4263","4263","4263"
"35800","102.82","102.82","102.82","4275","4275","4275","116.31","116.31","116.31","4275","4275","4275"
"35900","102.82","102.82","102.82","4287","4287","4287","112.56","112.56","112.56","4287","4287","4287"
"36000","102.82","102.82","102.82","4299","4299","4299","112.56","112.56","112.56","4299","4299","4299"
"36100","101.06","101.06","101.06","4311","4311","4311","112.56","112.56","112.56","4311","4311","4311"
"36200","101.06","101.06","101.06","4323","4323","4323","112.56","112.56","112.56","4323","4323","4323"
"36300","99.09","99.09","99.09","4335","4335","4335","112.56","112.56","112.56","4335","4335","4335"
"36400","95.62","95.62","95.62","4347","4347","4347","112.56","112.56","112.56","4347","4347","4347"
"36500","95.81","95.81","95.81","4359","4359","4359","114.48","114.48","114.48","4359","4359","4359"
"36600","95.81","95.81","95.81","4371","4371","4371","114.48","114.48","114.48","4371","4371","4371"
"36700","95.81","95.81","95.81","4383","4383","4383","115.91","115.91","115.91","4383","4383","4383"
"36800","95.81","95.81","95.81","4395","4395","4395","115.91","115.91","115.91","4395","4395","4395"
"36900","95.81","95.81","95.81","4407","4407","4407","114.24","114.24","114.24","4407","4407","4407"
"37000","95.81","95.81","95.81","4419","4419","4419","112.05","112.05","112.05","4419","4419","4419"
"37100","96.26","96.26","96.26","4431","4431","4431","112.05","112.05","112.05","4431","4431","4431"
"37200","97.18","97.18","97.18","4443","4443","4443","113.52","113.52","113.52","4443","4443","4443"
"37300","93.26","93.26","93.26","4455","4455","4455","113.52","113.52","113.52","4455","4455","4455"
"37400","93.26","93.26","93.26","4467","4467","4467","111.21","111.21","111.21","4467","4467","4467"
"37500","95.25","95.25","95.25","4479","4479","4479","111.21","111.21","111.21","4479","4479","4479"
"37600","95.25","95.25","95.25","4491","4491","4491","111.21","111.21","111.21","4491","4491","4491"
"37700","96.79","96.79","96.79","4503","4503","4503","111.21","111.21","111.21","4503","4503","4503"
"37800","96.79","96.79","96.79","4515","4515","4515","109.28","109.28","109.28","4515","4515","4515"
"37900","96.79","96.79","96.79","4527","4527","4527","109.28","109.28","109.28","4527","4527","4527"
"38000","95.18","95.18","95.18","4539","4539","4539","109.28","109.28","109.28","4539","4539","4539"
"38100","95.18","95.18","95.18","4551","4551","4551","109.28","109.28","109.28","4551","4551","4551"
"38200","95.15","95.15","95.15","4563","4563","4563","109.28","109.28","109.28","4563","4563","4563"
"38300","95.15","95.15","95.15","4575","4575","4575","109.28","109.28","109.28","4575","4575","4575"
"38400","96.69","96.69","96.69","4587","4587","4587","109.28","109.28","109.28","4587","4587","4587"
"38500","96.69","96.69","96.69","4599","4599","4599","109.28","109.28","109.28","4599","4599","4599"
"38600","96.63","96.63","96.63","4611","4611","4611","109.22","109.22","109.22","4611","4611","4611"
"38700","96.63","96.63","96.63","4623","4623","4623","109.22","109.22","109.22","4623","4623","4623"
"38800","98.16","98.16","98.16","4635","4635","4635","107.51","107.51","107.51","4635","4635","4635"
"38900","98.16","98.16","98.16","4647","4647","4647","107.51","107.51","107.51","4647","4647","4647"
"39000","98.15","98.15","98.15","4659","4659","4659","105.52","105.52","105.52","4659","4659","4659"
"39100","98.15","98.15","98.15","4671","4671","4671","105.52","105.52","105.52","4671","4671","4671"
"39200","99.89","99.89","99.89","4683","4683","4683","105.07","105.07","105.07","4683","4683","4683"
"39300","98.3","98.3","98.3","4695","4695","4695","105.07","105.07","105.07","4695","4695","4695"
"39400","98.3","98.3","98.3","4707","4707","4707","105.07","105.07","105.07","4707","4707","4707"
"39500","98.26","98.26","98.26","4719","4719","4719","103.21","103.21","103.21","4719","4719","4719"
"39600","98.26","98.26","98.26","4731","4731","4731","103.21","103.21","103.21","4731","4731","4731"
"39700","96.73","96.73","96.73","4743","4743","4743","104.88","104.88","104.88","4743","4743","4743"
"39800","96.73","96.73","96.73","4755","4755","4755","104.88","104.88","104.88","4755","4755","4755"
"39900","94.83","94.83","94.83","4767","4767","4767","103.15","103.15","103.15","4767","4767","4767"
"40000","94.83","94.83","94.83","4779","4779","4779","103.15","103.15","103.15","4779","4779","4779"
"40100","94.83","94.83","94.83","4791","4791","4791","104.81","104.81","104.81","4791","4791","4791"
"40200","94.83","94.83","94.83","4803","4803","4803","104.81","104.81","104.81","4803","4803","4803"
"40300","92.1","92.1","92.1","4815","4815","4815","104.65","104.65","104.65","4815","4815","4815"
"40400","92.1","92.1","92.1","4827","4827","4827","104.65","104.65","104.65","4827","4827","4827"
"40500","94.06","94.06","94.06","4839","4839","4839","106.64","106.64","106.64","4839","4839","4839"
"40600","94.06","94.06","94.06","4851","4851","4851","106.73","106.73","106.73","4851","4851","4851"
"40700","94.06","94.06","94.06","4863","4863","4863","106.73","106.73","106.73","4863","4863","4863"
"40800","92.42","92.42","92.42","4875","4875","4875","106.73","106.73","106.73","4875","4875","4875"
"40900","92.42","92.42","92.42","4887","4887","4887","106.73","106.73","106.73","4887","4887","4887"
"41000","94.39","94.39","94.39","4899","4899","4899","108.6","108.6","108.6","4899","4899","4899"
"41100","94.39","94.39","94.39","4911","4911","4911","108.6","108.6","108.6","4911","4911","4911"
"41200","95.92","95.92","95.92","4923","4923","4923","110.27","110.27","110.27","4923","4923","4923"
"41300","95.92","95.92","95.92","4935","4935","4935","108.71","108.71","108.71","4935","4935","4935"
"41400","95.92","95.92","95.92","4947","4947","4947","108.71","108.71","108.71","4947","4947","4947"
"41500","92.6","92.6","92.6","4959","4959","4959","110.42","110.42","110.42","4959","4959","4959"
"41600","92.6","92.6","92.6","4971","4971","4971","110.42","110.42","110.42","4971","4971","4971"
"41700","92.6","92.6","92.6","4983","4983","4983","110.08","110.08","110.08","4983","4983","4983"
"41800","92.6","92.6","92.6","4995","4995","4995","110.08","110.08","110.08","4995","4995","4995"
"41900","92.6","92.6","92.6","5007","5007","5007","112.07","112.07","112.07","5007","5007","5007"
"42000","92.6","92.6","92.6","5019","5019","5019","112.17","112.17","112.17","5019","5019","5019"
"42100","92.6","92.6","92.6","5031","5031","5031","112.17","112.17","112.17","5031","5031","5031"
"42200","92.6","92.6","92.6","5043","5043","5043","113.81","113.81","113.81","5043","5043","5043"
"42300","94.59","94.59","94.59","5055","5055","5055","113.81","113.81","113.81","5055","5055","5055"
"42400","94.59","94.59","94.59","5067","5067","5067","113.76","113.76","113.76","5067","5067","5067"
"42500","96.58","96.58","96.58","5079","5079","5079","113.76","113.76","113.76","5079","5079","5079"
"42600","96.58","96.58","96.58","5091","5091","5091","115.75","115.75","115.75","5091","5091","5091"
"42700","96.58","96.58","96.58","5103","5103","5103","115.75","115.75","115.75","5103","5103","5103"
"42800","96.58","96.58","96.58","5115","5115","5115","117.45","117.45","117.45","5115","5115","5115"
"42900","96.03","96.03","96.03","5127","5127","5127","117.45","117.45","117.45","5127","5127","5127"
"43000","94.48","94.48","94.48","5139","5139","5139","117.45","117.45","117.45","5139","5139","5139"
"43100","94.48","94.48","94.48","5151","5151","5151","117.45","117.45","117.45","5151","5151","5151"
"43200","94.48","94.48","94.48","5163","5163","5163","115.11","115.11","115.11","5163","5163","5163"
"43300","94.48","94.48","94.48","5175","5175","5175","115.11","115.11","115.11","5175","5175","5175"
"43400","94.48","94.48","94.48","5187","5187","5187","114.88","114.88","114.88","5187","5187","5187"
"43500","94.48","94.48","94.48","5199","5199","5199","114.88","114.88","114.88","5199","5199","5199"
"43600","95.3","95.3","95.3","5211","5211","5211","115.12","115.12","115.12","5211","5211","5211"
"43700","95.79","95.79","95.79","5223","5223","5223","115.12","115.12","115.12","5223","5223","5223"
"43800","95.79","95.79","95.79","5235","5235","5235","115.12","115.12","115.12","5235","5235","5235"
"43900","95.82","95.82","95.82","5247","5247","5247","115.12","115.12","115.12","5247","5247","5247"
"44000","95.82","95.82","95.82","5259","5259","5259","113.45","113.45","113.45","5259","5259","5259"
"44100","94.95","94.95","94.95","5271","5271","5271","113.98","113.98","113.98","5271","5271","5271"
"44200","94.95","94.95","94.95","5283","5283","5283","113.98","113.98","113.98","5283","5283","5283"
"44300","88.85","88.85","88.85","5295","5295","5295","113.98","113.98","113.98","5295","5295","5295"
"44400","88.85","88.85","88.85","5307","5307","5307","113.98","113.98","113.98","5307","5307","5307"
"44500","90.83","90.83","90.83","5319","5319","5319","115.97","115.97","115.97","5319","5319","5319"
"44600","87.16","87.16","87.16","5331","5331","5331","115.97","115.97","115.97","5331","5331","5331"
"44700","87.16","87.16","87.16","5343","5343","5343","115.93","115.93","115.93","5343","5343","5343"
"44800","86.9","86.9","86.9","5355","5355","5355","115.93","115.93","115.93","5355","5355","5355"
"44900","86.9","86.9","86.9","5367","5367","5367","117.51","117.51","117.51","5367","5367","5367"
"45000","88.89","88.89","88.89","5379","5379","5379","117.51","117.51","117.51","5379","5379","5379"
"45100","87.7","87.7","87.7","5391","5391","5391","119.01","119.01","119.01","5391","5391","5391"
"45200","87.7","87.7","87.7","5403","5403","5403","119.01","119.01","119.01","5403","5403","5403"
"45300","89.28","89.28","89.28","5415","5415","5415","119.01","119.01","119.01","5415","5415","5415"
"45400","89.28","89.28","89.28","5427","5427","5427","117.63","117.63","117.63","5427","5427","5427"
"45500","90.76","90.76","90.76","5439","5439","5439","117.63","117.63","117.63","5439","5439","5439"
"45600","90.76","90.76","90.76","5451","5451","5451","117.63","117.63","117.63","5451","5451","5451"
"45700","90.3","90.3","90.3","5463","5463","5463","117.63","117.63","117.63","5463","5463","5463"
"45800","88.76","88.76","88.76","5475","5475","5475","117.63","117.63","117.63","5475","5475","5475"
"45900","88.76","88.76","88.76","5487","5487","5487","117.63","117.63","117.63","5487","5487","5487"
"46000","90.74","90.74","90.74","5499","5499","5499","117.63","117.63","117.63","5499","5499","5499"
"46100","90.74","90.74","90.74","5511","5511","5511","117.63","117.63","117.63","5511","5511","5511"
"46200","90.74","90.74","90.74","5523","5523","5523","117.32","117.32","117.32","5523","5523","5523"
"46300","90.74","90.74","90.74","5535","5535","5535","117.32","117.32","117.32","5535","5535","5535"
"46400","91.78","91.78","91.78","5547","5547","5547","117.32","117.32","117.32","5547","5547","5547"
"46500","91.78","91.78","91.78","5559","5559","5559","117.32","117.32","117.32","5559","5559","5559"
"46600","93.35","93.35","93.35","5571","5571","5571","119.31","119.31","119.31","5571","5571","5571"
"46700","93.35","93.35","93.35","5583","5583","5583","119.31","119.31","119.31","5583","5583","5583"
"46800","94.52","94.52","94.52","5595","5595","5595","119.31","119.31","119.31","5595","5595","5595"
"46900","94.52","94.52","94.52","5607","5607","5607","119.31","119.31","119.31","5607","5607","5607"
"47000","96.51","96.51","96.51","5619","5619","5619","115.73","115.73","115.73","5619","5619","5619"
"47100","96.51","96.51","96.51","5631","5631","5631","112.23","112.23","112.23","5631","5631","5631"
"47200","98.49","98.49","98.49","5643","5643","5643","112.23","112.23","112.23","5643","5643","5643"
"47300","98.49","98.49","98.49","5655","5655","5655","114.31","114.31","114.31","5655","5655","5655"
"47400","94.64","94.64","94.64","5667","5667","5667","114.31","114.31","114.31","5667","5667","5667"
"47500","94.64","94.64","94.64","5679","5679","5679","114.31","114.31","114.31","5679","5679","5679"
"47600","94.66","94.66","94.66","5691","5691","5691","112.64","112.64","112.64","5691","5691","5691"
"47700","94.66","94.66","94.66","5703","5703","5703","112.64","112.64","112.64","5703","5703","5703"
"47800","94.66","94.66","94.66","5715","5715","5715","110.65","110.65","110.65","5715","5715","5715"
"47900","94.66","94.66","94.66","5727","5727","5727","110.65","110.65","110.65","5727","5727","5727"
"48000","96.64","96.64","96.64","5739","5739","5739","110.65","110.65","110.65","5739","5739","5739"
"48100","96.64","96.64","96.64","5751","5751","5751","110.65","110.65","110.65","5751","5751","5751"
"48200","96.23","96.23","96.23","5763","5763","5763","110.35","110.35","110.35","5763","5763","5763"
"48300","96.95","96.95","96.95","5775","5775","5775","110.35","110.35","110.35","5775","5775","5775"
"48400","96.95","96.95","96.95","5787","5787","5787","110.35","110.35","110.35","5787","5787","5787"
"48500","95.03","95.03","95.03","5799","5799","5799","110.35","110.35","110.35","5799","5799","5799"
"48600","93.69","93.69","93.69","5811","5811","5811","112.55","112.55","112.55","5811","5811","5811"
"48700","91.82","91.82","91.82","5823","5823","5823","112.55","112.55","112.55","5823","5823","5823"
"48800","91.82","91.82","91.82","5835","5835","5835","112.55","112.55","112.55","5835","5835","5835"
"48900","91.81","91.81","91.81","5847","5847","5847","103.2","103.2","103.2","5847","5847","5847"
"49000","91.81","91.81","91.81","5859","5859","5859","101.56","101.56","101.56","5859","5859","5859"
"49100","93.34","93.34","93.34","5871","5871","5871","101.56","101.56","101.56","5871","5871","5871"
"49200","93.34","93.34","93.34","5883","5883","5883","103.27","103.27","103.27","5883","5883","5883"
"49300","93.91","93.91","93.91","5895","5895","5895","103.27","103.27","103.27","5895","5895","5895"
"49400","94.28","94.28","94.28","5907","5907","5907","103.27","103.27","103.27","5907","5907","5907"
"49500","94.28","94.28","94.28","5919","5919","5919","103.27","103.27","103.27","5919","5919","5919"
"49600","92.96","92.96","92.96","5931","5931","5931","105.26","105.26","105.26","5931","5931","5931"
"49700","92.96","92.96","92.96","5943","5943","5943","105.26","105.26","105.26","5943","5943","5943"
"49800","94.93","94.93","94.93","5955","5955","5955","105.58","105.58","105.58","5955","5955","5955"
"49900","94.93","94.93","94.93","5967","5967","5967","105.58","105.58","105.58","5967","5967","5967"
"50000","94.93","94.93","94.93","5979","5979","5979","105.38","105.38","105.38","5979","5979","5979"
"50100","94.93","94.93","94.93","5991","5991","5991","105.38","105.38","105.38","5991","5991","5991"
"50200","94.49","94.49","94.49","6003","6003","6003","107.05","107.05","107.05","6003","6003","6003"
"50300","94.49","94.49","94.49","6015","6015","6015","107.05","107.05","107.05","6015","6015","6015"
"50400","96.48","96.48","96.48","6027","6027","6027","105.4","105.4","105.4","6027","6027","6027"
"50500","96.48","96.48","96.48","6039","6039","6039","103.8","103.8","103.8","6039","6039","6039"
"50600","98.05","98.05","98.05","6051","6051","6051","103.8","103.8","103.8","6051","6051","6051"
"50700","98.05","98.05","98.05","6063","6063","6063","103.8","103.8","103.8","6063","6063","6063"
"50800","98.04","98.04","98.04","6075","6075","6075","103.8","103.8","103.8","6075","6075","6075"
"50900","98.04","98.04","98.04","6087","6087","6087","105.74","105.74","105.74","6087","6087","6087"
"51000","98.04","98.04","98.04","6099","6099","6099","105.74","105.74","105.74","6099","6099","6099"
"51100","98.04","98.04","98.04","6111","6111","6111","105.74","105.74","105.74","6111","6111","6111"
"51200","98.04","98.04","98.04","6123","6123","6123","105.74","105.74","105.74","6123","6123","6123"
"51300","98.26","98.26","98.26","6135","6135","6135","107.62","107.62","107.62","6135","6135","6135"
"51400","98.26","98.26","98.26","6147","6147","6147","107.62","107.62","107.62","6147","6147","6147"
"51500","100.23","100.23","100.23","6159","6159","6159","109.3","109.3","109.3","6159","6159","6159"
"51600","94.69","94.69","94.69","6171","6171","6171","109.3","109.3","109.3","6171","6171","6171"
"51700","94.69","94.69","94.69","6183","6183","6183","107.31","107.31","107.31","6183","6183","6183"
"51800","92.71","92.71","92.71","6195","6195","6195","103.96","103.96","103.96","6195","6195","6195"
"51900","92.71","92.71","92.71","6207","6207","6207","101.67","101.67","101.67","6207","6207","6207"
"52000","90.72","90.72","90.72","6219","6219","6219","101.67","101.67","101.67","6219","6219","6219"
"52100","90.72","90.72","90.72","6231","6231","6231","103.66","103.66","103.66","6231","6231","6231"
"52200","92.77","92.77","92.77","6243","6243","6243","103.66","103.66","103.66","6243","6243","6243"
"52300","92.77","92.77","92.77","6255","6255","6255","103.66","103.66","103.66","6255","6255","6255"
"52400","90.78","90.78","90.78","6267","6267","6267","103.66","103.66","103.66","6267","6267","6267"
"52500","90.78","90.78","90.78","6279","6279","6279","105.31","105.31","105.31","6279","6279","6279"
"52600","90.78","90.78","90.78","6291","6291","6291","105.31","105.31","105.31","6291","6291","6291"
"52700","90.78","90.78","90.78","6303","6303","6303","103.63","103.63","103.63","6303","6303","6303"
"52800","92.34","92.34","92.34","6315","6315","6315","103.63","103.63","103.63","6315","6315","6315"
"52900","92.42","92.42","92.42","6327","6327","6327","105.62","105.62","105.62","6327","6327","6327"
"53000","92.42","92.42","92.42","6339","6339","6339","102.51","102.51","102.51","6339","6339","6339"
"53100","93.92","93.92","93.92","6351","6351","6351","102.51","102.51","102.51","6351","6351","6351"
"53200","93.92","93.92","93.92","6363","6363","6363","102.51","102.51","102.51","6363","6363","6363"
"53300","93.91","93.91","93.91","6375","6375","6375","102.51","102.51","102.51","6375","6375","6375"
"53400","93.91","93.91","93.91","6387","6387","6387","102.51","102.51","102.51","6387","6387","6387"
"53500","94.24","94.24","94.24","6399","6399","6399","102.51","102.51","102.51","6399","6399","6399"
"53600","94.24","94.24","94.24","6411","6411","6411","104.5","104.5","104.5","6411","6411","6411"
"53700","94.25","94.25","94.25","6423","6423","6423","104.5","104.5","104.5","6423","6423","6423"
"53800","94.51","94.51","94.51","6435","6435","6435","104.5","104.5","104.5","6435","6435","6435"
"53900","94.51","94.51","94.51","6447","6447","6447","104.5","104.5","104.5","6447","6447","6447"
"54000","94.03","94.03","94.03","6459","6459","6459","106.42","106.42","106.42","6459","6459","6459"
"54100","94.03","94.03","94.03","6471","6471","6471","106.42","106.42","106.42","6471","6471","6471"
"54200","93.77","93.77","93.77","6483","6483","6483","106.38","106.38","106.38","6483","6483","6483"
"54300","92.42","92.42","92.42","6495","6495","6495","106.38","106.38","106.38","6495","6495","6495"
"54400","92.42","92.42","92.42","6507","6507","6507","106.38","106.38","106.38","6507","6507","6507"
"54500","94.08","94.08","94.08","6519","6519","6519","106.38","106.38","106.38","6519","6519","6519"
"54600","94.08","94.08","94.08","6531","6531","6531","106.06","106.06","106.06","6531","6531","6531"
"54700","96.07","96.07","96.07","6543","6543","6543","106.06","106.06","106.06","6543","6543","6543"
"54800","96.07","96.07","96.07","6555","6555","6555","107.52","107.52","107.52","6555","6555","6555"
"54900","96.07","96.07","96.07","6567","6567","6567","107.52","107.52","107.52","6567","6567","6567"
"55000","96.07","96.07","96.07","6579","6579","6579","105.55","105.55","105.55","6579","6579","6579"
"55100","96.07","96.07","96.07","6591","6591","6591","105.55","105.55","105.55","6591","6591","6591"
"55200","96.07","96.07","96.07","6603","6603","6603","105.55","105.55","105.55","6603","6603","6603"
"55300","98.31","98.31","98.31","6615","6615","6615","105.55","105.55","105.55","6615","6615","6615"
"55400","98.31","98.31","98.31","6627","6627","6627","107.2","107.2","107.2","6627","6627","6627"
"55500","98.31","98.31","98.31","6639","6639","6639","107.2","107.2","107.2","6639","6639","6639"
"55600","98.31","98.31","98.31","6651","6651","6651","107.2","107.2","107.2","6651","6651","6651"
"55700","100.27","100.27","100.27","6663","6663","6663","107.2","107.2","107.2","6663","6663","6663"
"55800","100.27","100.27","100.27","6675","6675","6675","107.2","107.2","107.2","6675","6675","6675"
"55900","102.26","102.26","102.26","6687","6687","6687","105.52","105.52","105.52","6687","6687","6687"
"56000","102.26","102.26","102.26","6699","6699","6699","105.52","105.52","105.52","6699","6699","6699"
"56100","103.8","103.8","103.8","6711","6711","6711","105.23","105.23","105.23","6711","6711","6711"
"56200","103.8","103.8","103.8","6723","6723","6723","105.23","105.23","105.23","6723","6723","6723"
"56300","103.8","103.8","103.8","6735","6735","6735","105.23","105.23","105.23","6735","6735","6735"
"56400","103.8","103.8","103.8","6747","6747","6747","105.23","105.23","105.23","6747","6747","6747"
"56500","103.8","103.8","103.8","6759","6759","6759","105.23","105.23","105.23","6759","6759","6759"
"56600","102.1","102.1","102.1","6771","6771","6771","105.23","105.23","105.23","6771","6771","6771"
"56700","102.1","102.1","102.1","6783","6783","6783","105.23","105.23","105.23","6783","6783","6783"
"56800","102.63","102.63","102.63","6795","6795","6795","105.23","105.23","105.23","6795","6795","6795"
"56900","101.14","101.14","101.14","6807","6807","6807","105.55","105.55","105.55","6807","6807","6807"
"57000","101.14","101.14","101.14","6819","6819","6819","105.55","105.55","105.55","6819","6819","6819"
"57100","99.65","99.65","99.65","6831","6831","6831","105.55","105.55","105.55","6831","6831","6831"
"57200","99.65","99.65","99.65","6843","6843","6843","105.55","105.55","105.55","6843","6843","6843"
"57300","99.65","99.65","99.65","6855","6855","6855","105.55","105.55","105.55","6855","6855","6855"
"57400","99.95","99.95","99.95","6867","6867","6867","105.55","105.55","105.55","6867","6867","6867"
"57500","98.43","98.43","98.43","6879","6879","6879","105.55","105.55","105.55","6879","6879","6879"
"57600","98.43","98.43","98.43","6891","6891","6891","105.31","105.31","105.31","6891","6891","6891"
"57700","96.87","96.87","96.87","6903","6903","6903","105.31","105.31","105.31","6903","6903","6903"
"57800","96.87","96.87","96.87","6915","6915","6915","105.53","105.53","105.53","6915","6915","6915"
"57900","96.89","96.89","96.89","6927","6927","6927","105.53","105.53","105.53","6927","6927","6927"
"58000","97.33","97.33","97.33","6939","6939","6939","107.22","107.22","107.22","6939","6939","6939"
"58100","97.33","97.33","97.33","6951","6951","6951","107.27","107.27","107.27","6951","6951","6951"
"58200","98.72","98.72","98.72","6963","6963","6963","107.27","107.27","107.27","6963","6963","6963"
"58300","98.72","98.72","98.72","6975","6975","6975","107.27","107.27","107.27","6975","6975","6975"
"58400","100.25","100.25","100.25","6987","6987","6987","107.27","107.27","107.27","6987","6987","6987"
"58500","100.25","100.25","100.25","6999","6999","6999","108.94","108.94","108.94","6999","6999","6999"
"58600","100.58","100.58","100.58","7011","7011","7011","108.94","108.94","108.94","7011","7011","7011"
"58700","100.58","100.58","100.58","7023","7023","7023","108.94","108.94","108.94","7023","7023","7023"
"58800","101.92","101.92","101.92","7035","7035","7035","108.94","108.94","108.94","7035","7035","7035"
"58900","101.97","101.97","101.97","7047","7047","7047","107.11","107.11","107.11","7047","7047","7047"
"59000","101.97","101.97","101.97","7059","7059","7059","107.11","107.11","107.11","7059","7059","7059"
"59100","102","102","102","7071","7071","7071","109.1","109.1","109.1","7071","7071","7071"
"59200","102","102","102","7083","7083","7083","109.1","109.1","109.1","7083","7083","7083"
"59300","102","102","102","7095","7095","7095","111.09","111.09","111.09","7095","7095","7095"
"59400","102","102","102","7107","7107","7107","111.09","111.09","111.09","7107","7107","7107"
"59500","102","102","102","7119","7119","7119","111.09","111.09","111.09","7119","7119","7119"
"59600","102","102","102","7131","7131","7131","109.66","109.66","109.66","7131","7131","7131"
"59700","103.44","103.44","103.44","7143","7143","7143","109.66","109.66","109.66","7143","7143","7143"
"59800","103.44","103.44","103.44","7155","7155","7155","109.54","109.54","109.54","7155","7155","7155"
"59900","103.44","103.44","103.44","7167","7167","7167","109.54","109.54","109.54","7167","7167","7167"
"60000","103.44","103.44","103.44","7179","7179","7179","111.52","111.52","111.52","7179","7179","7179"
"60100","104.71","104.71","104.71","7191","7191","7191","111.52","111.52","111.52","7191","7191","7191"
"60200","105.15","105.15","105.15","7203","7203","7203","113.5","113.5","113.5","7203","7203","7203"
"60300","105.15","105.15","105.15","7215","7215","7215","113.5","113.5","113.5","7215","7215","7215"
"60400","103.17","103.17","103.17","7227","7227","7227","115.48","115.48","115.48","7227","7227","7227"
"60500","103.17","103.17","103.17","7239","7239","7239","115.48","115.48","115.48","7239","7239","7239"
"60600","103.45","103.45","103.45","7251","7251","7251","117.09","117.09","117.09","7251","7251","7251"
"60700","103.45","103.45","103.45","7263","7263","7263","117.09","117.09","117.09","7263","7263","7263"
"60800","105.43","105.43","105.43","7275","7275","7275","118.73","118.73","118.73","7275","7275","7275"
"60900","105.43","105.43","105.43","7287","7287","7287","118.73","118.73","118.73","7287","7287","7287"
"61000","101.92","101.92","101.92","7299","7299","7299","118.73","118.73","118.73","7299","7299","7299"
"61100","102.53","102.53","102.53","7311","7311","7311","118.73","118.73","118.73","7311","7311","7311"
"61200","102.53","102.53","102.53","7323","7323","7323","118.73","118.73","118.73","7323","7323","7323"
"61300","100.54","100.54","100.54","7335","7335","7335","113.32","113.32","113.32","7335","7335","7335"
"61400","100.54","100.54","100.54","7347","7347","7347","110.09","110.09","110.09","7347","7347","7347"
"61500","100.09","100.09","100.09","7359","7359","7359","110.09","110.09","110.09","7359","7359","7359"
"61600","100.09","100.09","100.09","7371","7371","7371","111.64","111.64","111.64","7371","7371","7371"
"61700","101.67","101.67","101.67","7383","7383","7383","111.64","111.64","111.64","7383","7383","7383"
"61800","102.07","102.07","102.07","7395","7395","7395","113.63","113.63","113.63","7395","7395","7395"
"61900","102.07","102.07","102.07","7407","7407","7407","113.63","113.63","113.63","7407","7407","7407"
"62000","104.05","104.05","104.05","7419","7419","7419","115.37","115.37","115.37","7419","7419","7419"
"62100","104.05","104.05","104.05","7431","7431","7431","113.74","113.74","113.74","7431","7431","7431"
"62200","104.51","104.51","104.51","7443","7443","7443","113.74","113.74","113.74","7443","7443","7443"
"62300","102.78","102.78","102.78","7455","7455","7455","113.74","113.74","113.74","7455","7455","7455"
"62400","102.78","102.78","102.78","7467","7467","7467","110.34","110.34","110.34","7467","7467","7467"
"62500","103.23","103.23","103.23","7479","7479","7479","110.34","110.34","110.34","7479","7479","7479"
"62600","103.23","103.23","103.23","7491","7491","7491","108.69","108.69","108.69","7491","7491","7491"
"62700","102.76","102.76","102.76","7503","7503","7503","108.69","108.69","108.69","7503","7503","7503"
"62800","102.76","102.76","102.76","7515","7515","7515","110.29","110.29","110.29","7515","7515","7515"
"62900","104.75","104.75","104.75","7527","7527","7527","110.29","110.29","110.29","7527","7527","7527"
"63000","104.75","104.75","104.75","7539","7539","7539","111.95","111.95","111.95","7539","7539","7539"
"63100","104.75","104.75","104.75","7551","7551","7551","111.95","111.95","111.95","7551","7551","7551"
"63200","104.75","104.75","104.75","7563","7563","7563","113.29","113.29","113.29","7563","7563","7563"
"63300","104.28","104.28","104.28","7575","7575","7575","113.29","113.29","113.29","7575","7575","7575"
"63400","104.28","104.28","104.28","7587","7587","7587","115.28","115.28","115.28","7587","7587","7587"
"63500","104.28","104.28","104.28","7599","7599","7599","115.28","115.28","115.28","7599","7599","7599"
"63600","104.28","104.28","104.28","7611","7611","7611","117.24","117.24","117.24","7611","7611","7611"
"63700","104.28","104.28","104.28","7623","7623","7623","117.24","117.24","117.24","7623","7623","7623"
"63800","104.28","104.28","104.28","7635","7635","7635","117.56","117.56","117.56","7635","7635","7635"
"63900","106.27","106.27","106.27","7647","7647","7647","117.56","117.56","117.56","7647","7647","7647"
"64000","106.27","106.27","106.27","7659","7659","7659","117.56","117.56","117.56","7659","7659","7659"
"64100","106.21","106.21","106.21","7671","7671","7671","117.56","117.56","117.56","7671","7671","7671"
"64200","106.21","106.21","106.21","7683","7683","7683","117.56","117.56","117.56","7683","7683","7683"
"64300","106.21","106.21","106.21","7695","7695","7695","117.56","117.56","117.56","7695","7695","7695"
"64400","106.21","106.21","106.21","7707","7707","7707","117.56","117.56","117.56","7707","7707","7707"
"64500","108.2","108.2","108.2","7719","7719","7719","117.56","117.56","117.56","7719","7719","7719"
"64600","108.47","108.47","108.47","7731","7731","7731","119.24","119.24","119.24","7731","7731","7731"
"64700","108.47","108.47","108.47","7743","7743","7743","119.24","119.24","119.24","7743","7743","7743"
"64800","110.72","110.72","110.72","7755","7755","7755","119.24","119.24","119.24","7755","7755","7755"
"64900","109.13","109.13","109.13","7767","7767","7767","119.24","119.24","119.24","7767","7767","7767"
"65000","109.13","109.13","109.13","7779","7779","7779","120.72","120.72","120.72","7779","7779","7779"
"65100","111.09","111.09","111.09","7791","7791","7791","120.72","120.72","120.72","7791","7791","7791"
"65200","111.09","111.09","111.09","7803","7803","7803","122.35","122.35","122.35","7803","7803","7803"
"65300","111.09","111.09","111.09","7815","7815","7815","122.35","122.35","122.35","7815","7815","7815"
"65400","111.09","111.09","111.09","7827","7827","7827","122.35","122.35","122.35","7827","7827","7827"
"65500","112.87","112.87","112.87","7839","7839","7839","120.59","120.59","120.59","7839","7839","7839"
"65600","111.34","111.34","111.34","7851","7851","7851","120.59","120.59","120.59","7851","7851","7851"
"65700","111.34","111.34","111.34","7863","7863","7863","120.59","120.59","120.59","7863","7863","7863"
"65800","111.34","111.34","111.34","7875","7875","7875","120.59","120.59","120.59","7875","7875","7875"
"65900","111.34","111.34","111.34","7887","7887","7887","120.59","120.59","120.59","7887","7887","7887"
"66000","112.83","112.83","112.83","7899","7899","7899","120.59","120.59","120.59","7899","7899","7899"
"66100","112.83","112.83","112.83","7911","7911","7911","120.59","120.59","120.59","7911","7911","7911"
"66200","112.83","112.83","112.83","7923","7923","7923","120.59","120.59","120.59","7923","7923","7923"
"66300","112.83","112.83","112.83","7935","7935","7935","118.88","118.88","118.88","7935","7935","7935"
"66400","112.83","112.83","112.83","7947","7947","7947","117.36","117.36","117.36","7947","7947","7947"
"66500","112.83","112.83","112.83","7959","7959","7959","117.36","117.36","117.36","7959","7959","7959"
"66600","110.92","110.92","110.92","7971","7971","7971","119.35","119.35","119.35","7971","7971","7971"
"66700","105.83","105.83","105.83","7983","7983","7983","119.35","119.35","119.35","7983","7983","7983"
"66800","102.37","102.37","102.37","7995","7995","7995","117.39","117.39","117.39","7995","7995","7995"
"66900","102.37","102.37","102.37","8007","8007","8007","117.39","117.39","117.39","8007","8007","8007"
"67000","102.37","102.37","102.37","8019","8019","8019","119.36","119.36","119.36","8019","8019","8019"
"67100","102.37","102.37","102.37","8031","8031","8031","119.36","119.36","119.36","8031","8031","8031"
"67200","103.83","103.83","103.83","8043","8043","8043","115.79","115.79","115.79","8043","8043","8043"
"67300","103.83","103.83","103.83","8055","8055","8055","115.79","115.79","115.79","8055","8055","8055"
"67400","105.32","105.32","105.32","8067","8067","8067","115.79","115.79","115.79","8067","8067","8067"
"67500","103.8","103.8","103.8","8079","8079","8079","115.79","115.79","115.79","8079","8079","8079"
"67600","103.8","103.8","103.8","8091","8091","8091","117.47","117.47","117.47","8091","8091","8091"
"67700","103.63","103.63","103.63","8103","8103","8103","115.78","115.78","115.78","8103","8103","8103"
"67800","103.63","103.63","103.63","8115","8115","8115","115.78","115.78","115.78","8115","8115","8115"
"67900","105.29","105.29","105.29","8127","8127","8127","117.7","117.7","117.7","8127","8127","8127"
"68000","105.29","105.29","105.29","8139","8139","8139","117.7","117.7","117.7","8139","8139","8139"
"68100","106.82","106.82","106.82","8151","8151","8151","117.7","117.7","117.7","8151","8151","8151"
"68200","106.82","106.82","106.82","8163","8163","8163","117.7","117.7","117.7","8163","8163","8163"
"68300","108.77","108.77","108.77","8175","8175","8175","117.7","117.7","117.7","8175","8175","8175"
"68400","108.77","108.77","108.77","8187","8187","8187","117.7","117.7","117.7","8187","8187","8187"
"68500","108.77","108.77","108.77","8199","8199","8199","115.92","115.92","115.92","8199","8199","8199"
"68600","108.77","108.77","108.77","8211","8211","8211","115.92","115.92","115.92","8211","8211","8211"
"68700","110.33","110.33","110.33","8223","8223","8223","115.92","115.92","115.92","8223","8223","8223"
"68800","108.89","108.89","108.89","8235","8235","8235","115.92","115.92","115.92","8235","8235","8235"
"68900","108.89","108.89","108.89","8247","8247","8247","114","114","114","8247","8247","8247"
"69000","110.85","110.85","110.85","8259","8259","8259","114","114","114","8259","8259","8259"
"69100","111","111","111","8271","8271","8271","115.55","115.55","115.55","8271","8271","8271"
"69200","111","111","111","8283","8283","8283","116.04","116.04","116.04","8283","8283","8283"
"69300","109.47","109.47","109.47","8295","8295","8295","116.04","116.04","116.04","8295","8295","8295"
"69400","109.47","109.47","109.47","8307","8307","8307","116.53","116.53","116.53","8307","8307","8307"
"69500","109.47","109.47","109.47","8319","8319","8319","116.53","116.53","116.53","8319","8319","8319"
"69600","109.47","109.47","109.47","8331","8331","8331","118.09","118.09","118.09","8331","8331","8331"
"69700","111.06","111.06","111.06","8343","8343","8343","118.09","118.09","118.09","8343","8343","8343"
"69800","111.06","111.06","111.06","8355","8355","8355","118.09","118.09","118.09","8355","8355","8355"
"69900","111.06","111.06","111.06","8367","8367","8367","118.09","118.09","118.09","8367","8367","8367"
"70000","","","","","","","119.73","119.73","119.73","8379","8379","8379"
"70100","","","","","","","112.53","112.53","112.53","8391","8391","8391"
"70200","","","","","","","112.53","112.53","112.53","8403","8403","8403"
"70300","","","","","","","114.52","114.52","114.52","8415","8415","8415"
"70400","","","","","","","114.52","114.52","114.52","8427","8427","8427"
"70500","","","","","","","116.16","116.16","116.16","8439","8439","8439"
"70600","","","","","","","116.16","116.16","116.16","8451","8451","8451"
"70700","","","","","","","118.04","118.04","118.04","8463","8463","8463"
"70800","","","","","","","118.04","118.04","118.04","8475","8475","8475"
"70900","","","","","","","116.21","116.21","116.21","8487","8487","8487"
"71000","","","","","","","116.21","116.21","116.21","8499","8499","8499"
"71100","","","","","","","116.21","116.21","116.21","8511","8511","8511"
"71200","","","","","","","116.21","116.21","116.21","8523","8523","8523"
"71300","","","","","","","117.91","117.91","117.91","8535","8535","8535"
"71400","","","","","","","117.91","117.91","117.91","8547","8547","8547"
"71500","","","","","","","119.67","119.67","119.67","8559","8559","8559"
"71600","","","","","","","119.67","119.67","119.67","8571","8571","8571"
"71700","","","","","","","121.33","121.33","121.33","8583","8583","8583"
"71800","","","","","","","121.33","121.33","121.33","8595","8595","8595"
"71900","","","","","","","121.33","121.33","121.33","8607","8607","8607"
"72000","","","","","","","121.27","121.27","121.27","8619","8619","8619"
"72100","","","","","","","121.27","121.27","121.27","8631","8631","8631"
"72200","","","","","","","121.27","121.27","121.27","8643","8643","8643"
"72300","","","","","","","121.27","121.27","121.27","8655","8655","8655"
"72400","","","","","","","119.28","119.28","119.28","8667","8667","8667"
"72500","","","","","","","119.28","119.28","119.28","8679","8679","8679"
"72600","","","","","","","119.28","119.28","119.28","8691","8691","8691"
"72700","","","","","","","119.28","119.28","119.28","8703","8703","8703"
"72800","","","","","","","119.28","119.28","119.28","8715","8715","8715"
"72900","","","","","","","119.28","119.28","119.28","8727","8727","8727"
"73000","","","","","","","119.28","119.28","119.28","8739","8739","8739"
"73100","","","","","","","119.28","119.28","119.28","8751","8751","8751"
"73200","","","","","","","118.88","118.88","118.88","8763","8763","8763"
"73300","","","","","","","118.88","118.88","118.88","8775","8775","8775"
"73400","","","","","","","120.78","120.78","120.78","8787","8787","8787"
"73500","","","","","","","120.78","120.78","120.78","8799","8799","8799"
"73600","","","","","","","121.64","121.64","121.64","8811","8811","8811"
"73700","","","","","","","121.64","121.64","121.64","8823","8823","8823"
"73800","","","","","","","117.37","117.37","117.37","8835","8835","8835"
"73900","","","","","","","114.97","114.97","114.97","8847","8847","8847"
"74000","","","","","","","114.97","114.97","114.97","8859","8859","8859"
"74100","","","","","","","114.98","114.98","114.98","8871","8871","8871"
"74200","","","","","","","114.98","114.98","114.98","8883","8883","8883"
"74300","","","","","","","113","113","113","8895","8895","8895"
"74400","","","","","","","113","113","113","8907","8907","8907"
"74500","","","","","","","113.32","113.32","113.32","8919","8919","8919"
"74600","","","","","","","111.41","111.41","111.41","8931","8931","8931"
"74700","","","","","","","111.41","111.41","111.41","8943","8943","8943"
"74800","","","","","","","109.8","109.8","109.8","8955","8955","8955"
"74900","","","","","","","109.8","109.8","109.8","8967","8967","8967"
"75000","","","","","","","109.8","109.8","109.8","8979","8979","8979"
"75100","","","","","","","109.8","109.8","109.8","8991","8991","8991"
"75200","","","","","","","107.82","107.82","107.82","9003","9003","9003"
"75300","","","","","","","106.22","106.22","106.22","9015","9015","9015"
"75400","","","","","","","106.22","106.22","106.22","9027","9027","9027"
"75500","","","","","","","106.22","106.22","106.22","9039","9039","9039"
"75600","","","","","","","106.22","106.22","106.22","9051","9051","9051"
"75700","","","","","","","106.22","106.22","106.22","9063","9063","9063"
"75800","","","","","","","106.22","106.22","106.22","9075","9075","9075"
"75900","","","","","","","104.28","104.28","104.28","9087","9087","9087"
"76000","","","","","","","104.28","104.28","104.28","9099","9099","9099"
"76100","","","","","","","102.19","102.19","102.19","9111","9111","9111"
"76200","","","","","","","102.19","102.19","102.19","9123","9123","9123"
"76300","","","","","","","100.18","100.18","100.18","9135","9135","9135"
"76400","","","","","","","100","100","100","9147","9147","9147"
"76500","","","","","","","100","100","100","9159","9159","9159"
"76600","","","","","","","98.69","98.69","98.69","9171","9171","9171"
"76700","","","","","","","98.72","98.72","98.72","9183","9183","9183"
"76800","","","","","","","98.72","98.72","98.72","9195","9195","9195"
"76900","","","","","","","96.97","96.97","96.97","9207","9207","9207"
"77000","","","","","","","96.97","96.97","96.97","9219","9219","9219"
"77100","","","","","","","98.61","98.61","98.61","9231","9231","9231"
"77200","","","","","","","98.61","98.61","98.61","9243","9243","9243"
"77300","","","","","","","98.61","98.61","98.61","9255","9255","9255"
"77400","","","","","","","98.61","98.61","98.61","9267","9267","9267"
"77500","","","","","","","98.31","98.31","98.31","9279","9279","9279"
"77600","","","","","","","98.31","98.31","98.31","9291","9291","9291"
"77700","","","","","","","92.52","92.52","92.52","9303","9303","9303"
"77800","","","","","","","92.25","92.25","92.25","9315","9315","9315"
"77900","","","","","","","92.25","92.25","92.25","9327","9327","9327"
"78000","","","","","","","92.25","92.25","92.25","9339","9339","9339"
"78100","","","","","","","92.25","92.25","92.25","9351","9351","9351"
"78200","","","","","","","92.25","92.25","92.25","9363","9363","9363"
"78300","","","","","","","92.25","92.25","92.25","9375","9375","9375"
"78400","","","","","","","94.17","94.17","94.17","9387","9387","9387"
"78500","","","","","","","94.17","94.17","94.17","9399","9399","9399"
"78600","","","","","","","94.16","94.16","94.16","9411","9411","9411"
"78700","","","","","","","94.16","94.16","94.16","9423","9423","9423"
"78800","","","","","","","93.94","93.94","93.94","9435","9435","9435"
"78900","","","","","","","92.23","92.23","92.23","9447","9447","9447"
"79000","","","","","","","92.23","92.23","92.23","9459","9459","9459"
"79100","","","","","","","90.3","90.3","90.3","9471","9471","9471"
"79200","","","","","","","90.3","90.3","90.3","9483","9483","9483"
"79300","","","","","","","92.02","92.02","92.02","9495","9495","9495"
"79400","","","","","","","92.02","92.02","92.02","9507","9507","9507"
"79500","","","","","","","91.96","91.96","91.96","9519","9519","9519"
"79600","","","","","","","86.52","86.52","86.52","9531","9531","9531"
"79700","","","","","","","86.52","86.52","86.52","9543","9543","9543"
"79800","","","","","","","86.52","86.52","86.52","9555","9555","9555"
"79900","","","","","","","86.52","86.52","86.52","9567","9567","9567"
"80000","","","","","","","86.52","86.52","86.52","9579","9579","9579"
"80100","","","","","","","86.52","86.52","86.52","9591","9591","9591"
"80200","","","","","","","86.52","86.52","86.52","9603","9603","9603"
"80300","","","","","","","86.52","86.52","86.52","9615","9615","9615"
"80400","","","","","","","86.52","86.52","86.52","9627","9627","9627"
"80500","","","","","","","86.52","86.52","86.52","9639","9639","9639"
"80600","","","","","","","86.52","86.52","86.52","9651","9651","9651"
"80700","","","","","","","86.52","86.52","86.52","9663","9663","9663"
"80800","","","","","","","86.78","86.78","86.78","9675","9675","9675"
"80900","","","","","","","86.78","86.78","86.78","9687","9687","9687"
"81000","","","","","","","86.79","86.79","86.79","9699","9699","9699"
"81100","","","","","","","86.79","86.79","86.79","9711","9711","9711"
"81200","","","","","","","86.79","86.79","86.79","9723","9723","9723"
"81300","","","","","","","87.13","87.13","87.13","9735","9735","9735"
"81400","","","","","","","87.13","87.13","87.13","9747","9747","9747"
"81500","","","","","","","85.45","85.45","85.45","9759","9759","9759"
"81600","","","","","","","85.45","85.45","85.45","9771","9771","9771"
"81700","","","","","","","85.31","85.31","85.31","9783","9783","9783"
"81800","","","","","","","85.31","85.31","85.31","9795","9795","9795"
"81900","","","","","","","87.29","87.29","87.29","9807","9807","9807"
"82000","","","","","","","87.29","87.29","87.29","9819","9819","9819"
"82100","","","","","","","89.28","89.28","89.28","9831","9831","9831"
"82200","","","","","","","89.28","89.28","89.28","9843","9843","9843"
"82300","","","","","","","91.26","91.26","91.26","9855","9855","9855"
"82400","","","","","","","91.53","91.53","91.53","9867","9867","9867"
"82500","","","","","","","91.53","91.53","91.53","9879","9879","9879"
"82600","","","","","","","93.4","93.4","93.4","9891","9891","9891"
"82700","","","","","","","93.4","93.4","93.4","9903","9903","9903"
"82800","","","","","","","92.17","92.17","92.17","9915","9915","9915"
"82900","","","","","","","92.17","92.17","92.17","9927","9927","9927"
"83000","","","","","","","92.17","92.17","92.17","9939","9939","9939"
"83100","","","","","","","92.17","92.17","92.17","9951","9951","9951"
"83200","","","","","","","94.12","94.12","94.12","9963","9963","9963"
"83300","","","","","","","94.12","94.12","94.12","9975","9975","9975"
"83400","","","","","","","95.97","95.97","95.97","9987","9987","9987"
"83500","","","","","","","95.97","95.97","95.97","9999","9999","9999"
"83600","","","","","","","97.96","97.96","97.96","10011","10011","10011"
"83700","","","","","","","97.86","97.86","97.86","10023","10023","10023"
"83800","","","","","","","97.86","97.86","97.86","10035","10035","10035"
"83900","","","","","","","98.17","98.17","98.17","10047","10047","10047"
"84000","","","","","","","98.17","98.17","98.17","10059","10059","10059"
"84100","","","","","","","100.15","100.15","100.15","10071","10071","10071"
"84200","","","","","","","100.15","100.15","100.15","10083","10083","10083"
"84300","","","","","","","100.15","100.15","100.15","10095","10095","10095"
"84400","","","","","","","100.15","100.15","100.15","10107","10107","10107"
"84500","","","","","","","99.94","99.94","99.94","10119","10119","10119"
"84600","","","","","","","99.94","99.94","99.94","10131","10131","10131"
"84700","","","","","","","101.6","101.6","101.6","10143","10143","10143"
"84800","","","","","","","101.6","101.6","101.6","10155","10155","10155"
"84900","","","","","","","103.51","103.51","103.51","10167","10167","10167"
"85000","","","","","","","103.51","103.51","103.51","10179","10179","10179"
"85100","","","","","","","103.49","103.49","103.49","10191","10191","10191"
"85200","","","","","","","99.78","99.78","99.78","10203","10203","10203"
"85300","","","","","","","99.78","99.78","99.78","10215","10215","10215"
"85400","","","","","","","101.54","101.54","101.54","10227","10227","10227"
"85500","","","","","","","101.54","101.54","101.54","10239","10239","10239"
"85600","","","","","","","101.54","101.54","101.54","10251","10251","10251"
"85700","","","","","","","101.54","101.54","101.54","10263","10263","10263"
"85800","","","","","","","99.56","99.56","99.56","10275","10275","10275"
"85900","","","","","","","99.56","99.56","99.56","10287","10287","10287"
"86000","","","","","","","99.61","99.61","99.61","10299","10299","10299"
"86100","","","","","","","99.61","99.61","99.61","10311","10311","10311"
"86200","","","","","","","101.6","101.6","101.6","10323","10323","10323"
"86300","","","","","","","101.6","101.6","101.6","10335","10335","10335"
"86400","","","","","","","103.57","103.57","103.57","10347","10347","10347"
"86500","","","","","","","101.68","101.68","101.68","10359","10359","10359"
"86600","","","","","","","101.68","101.68","101.68","10371","10371","10371"
"86700","","","","","","","103.69","103.69","103.69","10383","10383","10383"
"86800","","","","","","","103.69","103.69","103.69","10395","10395","10395"
"86900","","","","","","","105.14","105.14","105.14","10407","10407","10407"
"87000","","","","","","","105.14","105.14","105.14","10419","10419","10419"
"87100","","","","","","","107.13","107.13","107.13","10431","10431","10431"
"87200","","","","","","","107.13","107.13","107.13","10443","10443","10443"
"87300","","","","","","","104.39","104.39","104.39","10455","10455","10455"
"87400","","","","","","","101.34","101.34","101.34","10467","10467","10467"
"87500","","","","","","","101.34","101.34","101.34","10479","10479","10479"
"87600","","","","","","","101.34","101.34","101.34","10491","10491","10491"
"87700","","","","","","","101.34","101.34","101.34","10503","10503","10503"
"87800","","","","","","","103.33","103.33","103.33","10515","10515","10515"
"87900","","","","","","","103.33","103.33","103.33","10527","10527","10527"
"88000","","","","","","","103.33","103.33","103.33","10539","10539","10539"
"88100","","","","","","","103.69","103.69","103.69","10551","10551","10551"
"88200","","","","","","","103.69","103.69","103.69","10563","10563","10563"
"88300","","","","","","","105.68","105.68","105.68","10575","10575","10575"
"88400","","","","","","","105.68","105.68","105.68","10587","10587","10587"
"88500","","","","","","","107.36","107.36","107.36","10599","10599","10599"
"88600","","","","","","","107.36","107.36","107.36","10611","10611","10611"
"88700","","","","","","","109.23","109.23","109.23","10623","10623","10623"
"88800","","","","","","","109.23","109.23","109.23","10635","10635","10635"
"88900","","","","","","","110.96","110.96","110.96","10647","10647","10647"
"89000","","","","","","","110.96","110.96","110.96","10659","10659","10659"
"89100","","","","","","","109.39","109.39","109.39","10671","10671","10671"
"89200","","","","","","","108.04","108.04","108.04","10683","10683","10683"
"89300","","","","","","","108.04","108.04","108.04","10695","10695","10695"
"89400","","","","","","","105.61","105.61","105.61","10707","10707","10707"
"89500","","","","","","","105.61","105.61","105.61","10719","10719","10719"
"89600","","","","","","","107.32","107.32","107.32","10731","10731","10731"
"89700","","","","","","","107.32","107.32","107.32","10743","10743","10743"
"89800","","","","","","","109.31","109.31","109.31","10755","10755","10755"
"89900","","","","","","","109.31","109.31","109.31","10767","10767","10767"
"90000","","","","","","","109.12","109.12","109.12","10779","10779","10779"
"90100","","","","","","","109.12","109.12","109.12","10791","10791","10791"
"90200","","","","","","","108.99","108.99","108.99","10803","10803","10803"
"90300","","","","","","","108.99","108.99","108.99","10815","10815","10815"
"90400","","","","","","","110.92","110.92","110.92","10827","10827","10827"
"90500","","","","","","","110.92","110.92","110.92","10839","10839","10839"
"90600","","","","","","","110.92","110.92","110.92","10851","10851","10851"
"90700","","","","","","","110.92","110.92","110.92","10863","10863","10863"
"90800","","","","","","","112.86","112.86","112.86","10875","10875","10875"
"90900","","","","","","","113.67","113.67","113.67","10887","10887","10887"
"91000","","","","","","","113.61","113.61","113.61","10899","10899","10899"
"91100","","","","","","","113.61","113.61","113.61","10911","10911","10911"
"91200","","","","","","","111.96","111.96","111.96","10923","10923","10923"
"91300","","","","","","","111.96","111.96","111.96","10935","10935","10935"
"91400","","","","","","","108.42","108.42","108.42","10947","10947","10947"
"91500","","","","","","","108.42","108.42","108.42","10959","10959","10959"
"91600","","","","","","","108.09","108.09","108.09","10971","10971","10971"
"91700","","","","","","","108.09","108.09","108.09","10983","10983","10983"
"91800","","","","","","","105.76","105.76","105.76","10995","10995","10995"
"91900","","","","","","","105.76","105.76","105.76","11007","11007","11007"
"92000","","","","","","","105.76","105.76","105.76","11019","11019","11019"
"92100","","","","","","","105.76","105.76","105.76","11031","11031","11031"
"92200","","","","","","","107.44","107.44","107.44","11043","11043","11043"
"92300","","","","","","","105.71","105.71","105.71","11055","11055","11055"
"92400","","","","","","","105.71","105.71","105.71","11067","11067","11067"
"92500","","","","","","","105.71","105.71","105.71","11079","11079","11079"
"92600","","","","","","","105.71","105.71","105.71","11091","11091","11091"
"92700","","","","","","","105.71","105.71","105.71","11103","11103","11103"
"92800","","","","","","","105.71","105.71","105.71","11115","11115","11115"
"92900","","","","","","","105.73","105.73","105.73","11127","11127","11127"
"93000","","","","","","","105.73","105.73","105.73","11139","11139","11139"
"93100","","","","","","","105.73","105.73","105.73","11151","11151","11151"
"93200","","","","","","","104.05","104.05","104.05","11163","11163","11163"
"93300","","","","","","","104.05","104.05","104.05","11175","11175","11175"
"93400","","","","","","","106.03","106.03","106.03","11187","11187","11187"
"93500","","","","","","","106.03","106.03","106.03","11199","11199","11199"
"93600","","","","","","","108.07","108.07","108.07","11211","11211","11211"
"93700","","","","","","","108.07","108.07","108.07","11223","11223","11223"
"93800","","","","","","","108.07","108.07","108.07","11235","11235","11235"
"93900","","","","","","","108.07","108.07","108.07","11247","11247","11247"
"94000","","","","","","","108.07","108.07","108.07","11259","11259","11259"
"94100","","","","","","","108.07","108.07","108.07","11271","11271","11271"
"94200","","","","","","","108.02","108.02","108.02","11283","11283","11283"
"94300","","","","","","","106.51","106.51","106.51","11295","11295","11295"
"94400","","","","","","","106.51","106.51","106.51","11307","11307","11307"
"94500","","","","","","","104.47","104.47","104.47","11319","11319","11319"
"94600","","","","","","","102.87","102.87","102.87","11331","11331","11331"
"94700","","","","","","","102.87","102.87","102.87","11343","11343","11343"
"94800","","","","","","","102.87","102.87","102.87","11355","11355","11355"
"94900","","","","","","","102.87","102.87","102.87","11367","11367","11367"
"95000","","","","","","","104.72","104.72","104.72","11379","11379","11379"
"95100","","","","","","","104.72","104.72","104.72","11391","11391","11391"
"95200","","","","","","","106.71","106.71","106.71","11403","11403","11403"
"95300","","","","","","","106.71","106.71","106.71","11415","11415","11415"
"95400","","","","","","","106.71","106.71","106.71","11427","11427","11427"
"95500","","","","","","","106.71","106.71","106.71","11439","11439","11439"
"95600","","","","","","","106.71","106.71","106.71","11451","11451","11451"
"95700","","","","","","","106.71","106.71","106.71","11463","11463","11463"
"95800","","","","","","","106.22","106.22","106.22","11475","11475","11475"
"95900","","","","","","","104.36","104.36","104.36","11487","11487","11487"
"96000","","","","","","","104.36","104.36","104.36","11499","11499","11499"
"96100","","","","","","","104.36","104.36","104.36","11511","11511","11511"
"96200","","","","","","","104.36","104.36","104.36","11523","11523","11523"
"96300","","","","","","","104.36","104.36","104.36","11535","11535","11535"
"96400","","","","","","","104.36","104.36","104.36","11547","11547","11547"
"96500","","","","","","","104.9","104.9","104.9","11559","11559","11559"
"96600","","","","","","","104.9","104.9","104.9","11571","11571","11571"
"96700","","","","","","","106.69","106.69","106.69","11583","11583","11583"
"96800","","","","","","","106.69","106.69","106.69","11595","11595","11595"
"96900","","","","","","","108.67","108.67","108.67","11607","11607","11607"
"97000","","","","","","","108.67","108.67","108.67","11619","11619","11619"
"97100","","","","","","","106.83","106.83","106.83","11631","11631","11631"
"97200","","","","","","","106.83","106.83","106.83","11643","11643","11643"
"97300","","","","","","","108.72","108.72","108.72","11655","11655","11655"
"97400","","","","","","","107.32","107.32","107.32","11667","11667","11667"
"97500","","","","","","","107.32","107.32","107.32","11679","11679","11679"
"97600","","","","","","","107.32","107.32","107.32","11691","11691","11691"
"97700","","","","","","","107.32","107.32","107.32","11703","11703","11703"
"97800","","","","","","","107.32","107.32","107.32","11715","11715","11715"
"97900","","","","","","","107.32","107.32","107.32","11727","11727","11727"
"98000","","","","","","","107.32","107.32","107.32","11739","11739","11739"
"98100","","","","","","","107.32","107.32","107.32","11751","11751","11751"
"98200","","","","","","","109.31","109.31","109.31","11763","11763","11763"
"98300","","","","","","","109.31","109.31","109.31","11775","11775","11775"
"98400","","","","","","","111.01","111.01","111.01","11787","11787","11787"
"98500","","","","","","","111.01","111.01","111.01","11799","11799","11799"
"98600","","","","","","","113","113","113","11811","11811","11811"
"98700","","","","","","","113.59","113.59","113.59","11823","11823","11823"
"98800","","","","","","","113.59","113.59","113.59","11835","11835","11835"
"98900","","","","","","","115.31","115.31","115.31","11847","11847","11847"
"99000","","","","","","","115.31","115.31","115.31","11859","11859","11859"
"99100","","","","","","","113.1","113.1","113.1","11871","11871","11871"
"99200","","","","","","","113.1","113.1","113.1","11883","11883","11883"
"99300","","","","","","","113.1","113.1","113.1","11895","11895","11895"
"99400","","","","","","","113.1","113.1","113.1","11907","11907","11907"
"99500","","","","","","","114.73","114.73","114.73","11919","11919","11919"
"99600","","","","","","","113.03","113.03","113.03","11931","11931","11931"
"99700","","","","","","","113.03","113.03","113.03","11943","11943","11943"
"99800","","","","","","","111.34","111.34","111.34","11955","11955","11955"
"99900","","","","","","","111.34","111.34","111.34","11967","11967","11967"
"100000","","","","","","","111.34","111.34","111.34","11979","11979","11979"